26/07/2020 16:36:33.145,52278,AM1V310 @394D30,20841,98FD0D03D5FF,-616,781,-43
26/07/2020 16:36:33.205,52333,AM1V310 @394D30,20847,92FD0C03C9FF,-622,780,-55
26/07/2020 16:36:33.235,52363,AM1V310 @394D30,20854,9FFD0603D0FF,-609,774,-48
26/07/2020 16:36:33.295,52424,AM1V310 @394D30,20860,9EFD0703DBFF,-610,775,-37
26/07/2020 16:36:33.355,52484,AM1V310 @394D30,20866,8EFD0E03D6FF,-626,782,-42
26/07/2020 16:36:33.392,52520,AM1V310 @394D30,20872,98FD0E03D3FF,-616,782,-45
26/07/2020 16:36:33.445,52574,AM1V310 @394D30,20879,97FD1003CDFF,-617,784,-51
26/07/2020 16:36:33.505,52633,AM1V310 @394D30,20885,9CFD0803DDFF,-612,776,-35
26/07/2020 16:36:33.534,52662,AM1V310 @394D30,20891,9DFD0503E3FF,-611,773,-29
26/07/2020 16:36:33.595,52724,AM1V310 @394D30,20897,9CFD0703D4FF,-612,775,-44
26/07/2020 16:36:33.656,52784,AM1V310 @394D30,20904,9CFD0D03DFFF,-612,781,-33
26/07/2020 16:36:33.686,52814,AM1V310 @394D30,20910,98FD1603DAFF,-616,790,-38
26/07/2020 16:36:33.745,52873,AM1V310 @394D30,20916,98FD0F03DBFF,-616,783,-37
26/07/2020 16:36:33.804,52932,AM1V310 @394D30,20922,9EFD1103D9FF,-610,785,-39
26/07/2020 16:36:33.832,52960,AM1V310 @394D30,20929,B5FDFC02DAFF,-587,764,-38
26/07/2020 16:36:33.895,53023,AM1V310 @394D30,20935,B1FDFC02F0FF,-591,764,-16
26/07/2020 16:36:33.955,53084,AM1V310 @394D30,20941,30FEE202D0FF,-464,738,-48
26/07/2020 16:36:33.987,53114,AM1V310 @394D30,20947,5FFEBB02E6FF,-417,699,-26
26/07/2020 16:36:34.045,53173,AM1V310 @394D30,20954,94FEAC02ECFF,-364,684,-20
26/07/2020 16:36:34.105,53233,AM1V310 @394D30,20960,80FEB602D1FF,-384,694,-47
26/07/2020 16:36:34.135,53263,AM1V310 @394D30,20966,5CFEE602C6FF,-420,742,-58
26/07/2020 16:36:34.195,53323,AM1V310 @394D30,20972,51FE7C03B2FF,-431,892,-78
26/07/2020 16:36:34.257,53386,AM1V310 @394D30,20979,72FE7E03BBFF,-398,894,-69
26/07/2020 16:36:34.285,53413,AM1V310 @394D30,20985,9CFE6303CBFF,-356,867,-53
26/07/2020 16:36:34.345,53474,AM1V310 @394D30,20991,B0FE8103E5FF,-336,897,-27
26/07/2020 16:36:34.406,53535,AM1V310 @394D30,20997,C0FE9003FCFF,-320,912,-4
26/07/2020 16:36:34.440,53568,AM1V310 @394D30,21004,ADFECC03F8FF,-339,972,-8
26/07/2020 16:36:34.495,53623,AM1V310 @394D30,21010,A5FE25043000,-347,1061,48
26/07/2020 16:36:34.555,53684,AM1V310 @394D30,21016,B0FE62042A00,-336,1122,42
26/07/2020 16:36:34.585,53713,AM1V310 @394D30,21022,D3FE39045800,-301,1081,88
26/07/2020 16:36:34.645,53773,AM1V310 @394D30,21029,E0FE05046000,-288,1029,96
26/07/2020 16:36:34.706,53834,AM1V310 @394D30,21035,DCFEF8034700,-292,1016,71
26/07/2020 16:36:34.741,53869,AM1V310 @394D30,21041,FBFEEA037B00,-261,1002,123
26/07/2020 16:36:34.795,53923,AM1V310 @394D30,21047,26FFDF036400,-218,991,100
26/07/2020 16:36:34.855,53984,AM1V310 @394D30,21054,28FFAD036F00,-216,941,111
26/07/2020 16:36:34.885,54013,AM1V310 @394D30,21060,15FFB6036B00,-235,950,107
26/07/2020 16:36:34.945,54074,AM1V310 @394D30,21066,70FF8C03A300,-144,908,163
26/07/2020 16:36:35.005,54134,AM1V310 @394D30,21072,95FF6503AB00,-107,869,171
26/07/2020 16:36:35.035,54163,AM1V310 @394D30,21079,BCFF8403AF00,-68,900,175
26/07/2020 16:36:35.095,54224,AM1V310 @394D30,21085,2A00E3038900,42,995,137
26/07/2020 16:36:35.155,54283,AM1V310 @394D30,21091,AFFF1A048F00,-81,1050,143
26/07/2020 16:36:35.185,54313,AM1V310 @394D30,21097,4E0052049601,78,1106,406
26/07/2020 16:36:35.245,54373,AM1V310 @394D30,21104,39FF8205C401,-199,1410,452
26/07/2020 16:36:35.306,54434,AM1V310 @394D30,21110,8.50061E+11,133,1377,259
26/07/2020 16:36:35.338,54466,AM1V310 @394D30,21116,D4FFA405D800,-44,1444,216
26/07/2020 16:36:35.395,54524,AM1V310 @394D30,21122,0F00EA057B00,15,1514,123
26/07/2020 16:36:35.455,54583,AM1V310 @394D30,21129,24FFC0054B00,-220,1472,75
26/07/2020 16:36:35.485,54612,AM1V310 @394D30,21135,16FE7D059100,-490,1405,145
26/07/2020 16:36:35.545,54674,AM1V310 @394D30,21141,27FFD4043C00,-217,1236,60
26/07/2020 16:36:35.605,54734,AM1V310 @394D30,21147,A7FEF903A100,-345,1017,161
26/07/2020 16:36:35.635,54763,AM1V310 @394D30,21154,F9FE5A03A0FF,-263,858,-96
26/07/2020 16:36:35.695,54823,AM1V310 @394D30,21160,2CFE860285FF,-468,646,-123
26/07/2020 16:36:35.755,54884,AM1V310 @394D30,21166,23FF390278FF,-221,569,-136
26/07/2020 16:36:35.794,54922,AM1V310 @394D30,21172,3FFE3A025BFE,-449,570,-421
26/07/2020 16:36:35.845,54974,AM1V310 @394D30,21179,FDFDE9019EFE,-515,489,-354
26/07/2020 16:36:35.905,55034,AM1V310 @394D30,21185,DFFE6901FDFD,-289,361,-515
26/07/2020 16:36:35.935,55063,AM1V310 @394D30,21191,7EFE620163FE,-386,354,-413
26/07/2020 16:36:35.995,55124,AM1V310 @394D30,21197,97FE6E01BDFD,-361,366,-579
26/07/2020 16:36:36.056,55184,AM1V310 @394D30,21204,22FE4601CEFD,-478,326,-562
26/07/2020 16:36:36.115,55244,AM1V310 @394D30,21210,66FE600131FE,-410,352,-463
26/07/2020 16:36:36.144,55272,AM1V310 @394D30,21216,A2FE72016FFD,-350,370,-657
26/07/2020 16:36:36.205,55334,AM1V310 @394D30,21222,C5FD860196FD,-571,390,-618
26/07/2020 16:36:36.235,55363,AM1V310 @394D30,21229,CEFD9501D8FC,-562,405,-808
26/07/2020 16:36:36.295,55423,AM1V310 @394D30,21235,DAFD6501F3FC,-550,357,-781
26/07/2020 16:36:36.386,55515,AM1V310 @394D30,21241,BCFD6201E8FC,-580,354,-792
26/07/2020 16:36:36.386,55516,AM1V310 @394D30,21247,13FE370104FD,-493,311,-764
26/07/2020 16:36:36.445,55574,AM1V310 @394D30,21254,66FD370158FD,-666,311,-680
26/07/2020 16:36:36.505,55634,AM1V310 @394D30,21260,73FD1E0119FD,-653,286,-743
26/07/2020 16:36:36.535,55663,AM1V310 @394D30,21266,89FD0D01BFFD,-631,269,-577
26/07/2020 16:36:36.595,55724,AM1V310 @394D30,21272,96FD090145FD,-618,265,-699
26/07/2020 16:36:36.655,55784,AM1V310 @394D30,21279,98FD0A012FFD,-616,266,-721
26/07/2020 16:36:36.688,55816,AM1V310 @394D30,21285,97FD2A014AFD,-617,298,-694
26/07/2020 16:36:36.745,55873,AM1V310 @394D30,21291,B2FD4E01D3FC,-590,334,-813
26/07/2020 16:36:36.805,55933,AM1V310 @394D30,21297,C1FD3701C6FC,-575,311,-826
26/07/2020 16:36:36.833,55961,AM1V310 @394D30,21304,F7FD2701B3FC,-521,295,-845
26/07/2020 16:36:36.895,56023,AM1V310 @394D30,21310,52FE660146FC,-430,358,-954
26/07/2020 16:36:36.985,56114,AM1V310 @394D30,21316,D7FE4A016BFC,-297,330,-917
26/07/2020 16:36:37.135,56265,AM1V310 @394D30,21329,EBFE5E01E8FC,-277,350,-792
26/07/2020 16:36:37.135,56265,AM1V310 @394D30,21322,EEFE5501DFFC,-274,341,-801
26/07/2020 16:36:37.175,56303,AM1V310 @394D30,21341,4DFF5E01A8FC,-179,350,-856
26/07/2020 16:36:37.175,56303,AM1V310 @394D30,21335,28FF720158FC,-216,370,-936
26/07/2020 16:36:37.195,56323,AM1V310 @394D30,21347,66FF8D013AFC,-154,397,-966
26/07/2020 16:36:37.286,56414,AM1V310 @394D30,21354,3CFF970199FC,-196,407,-871
26/07/2020 16:36:37.286,56415,AM1V310 @394D30,21360,DCFEAC015AFC,-292,428,-934
26/07/2020 16:36:37.435,56564,AM1V310 @394D30,21366,23FF830185FC,-221,387,-891
26/07/2020 16:36:37.436,56565,AM1V310 @394D30,21372,D5FE7A019CFC,-299,378,-868
26/07/2020 16:36:37.436,56566,AM1V310 @394D30,21379,03FF720155FC,-253,370,-939
26/07/2020 16:36:37.495,56623,AM1V310 @394D30,21385,F7FE67011FFC,-265,359,-993
26/07/2020 16:36:37.555,56684,AM1V310 @394D30,21391,03FF430145FC,-253,323,-955
26/07/2020 16:36:37.585,56713,AM1V310 @394D30,21397,DAFE3D01F7FB,-294,317,-1033
26/07/2020 16:36:37.645,56774,AM1V310 @394D30,21404,FAFE0E010DFC,-262,270,-1011
26/07/2020 16:36:37.705,56833,AM1V310 @394D30,21410,F9FE390111FC,-263,313,-1007
26/07/2020 16:36:37.735,56863,AM1V310 @394D30,21416,06FFF5001CFC,-250,245,-996
26/07/2020 16:36:37.796,56924,AM1V310 @394D30,21422,2FFFD00030FC,-209,208,-976
26/07/2020 16:36:37.856,56984,AM1V310 @394D30,21429,2BFFBD003AFC,-213,189,-966
26/07/2020 16:36:37.885,57013,AM1V310 @394D30,21435,3EFFDA0053FC,-194,218,-941
26/07/2020 16:36:37.945,57074,AM1V310 @394D30,21441,31FFA3003FFC,-207,163,-961
26/07/2020 16:36:38.006,57134,AM1V310 @394D30,21447,12FF7D0058FC,-238,125,-936
26/07/2020 16:36:38.037,57165,AM1V310 @394D30,21454,27FF610078FC,-217,97,-904
26/07/2020 16:36:38.095,57223,AM1V310 @394D30,21460,43FF550074FC,-189,85,-908
26/07/2020 16:36:38.155,57284,AM1V310 @394D30,21466,31FF5B0063FC,-207,91,-925
26/07/2020 16:36:38.185,57313,AM1V310 @394D30,21472,6FFF5F0037FC,-145,95,-969
26/07/2020 16:36:38.246,57374,AM1V310 @394D30,21479,5FFF510013FC,-161,81,-1005
26/07/2020 16:36:38.302,57431,AM1V310 @394D30,21485,45FF3B0018FC,-187,59,-1000
26/07/2020 16:36:38.332,57460,AM1V310 @394D30,21491,59FF28001CFC,-167,40,-996
26/07/2020 16:36:38.392,57520,AM1V310 @394D30,21497,59FF250023FC,-167,37,-989
26/07/2020 16:36:38.452,57581,AM1V310 @394D30,21504,4BFF39001CFC,-181,57,-996
26/07/2020 16:36:38.482,57610,AM1V310 @394D30,21510,4FFF3B000FFC,-177,59,-1009
26/07/2020 16:36:38.542,57670,AM1V310 @394D30,21516,34FF38000FFC,-204,56,-1009
26/07/2020 16:36:38.603,57731,AM1V310 @394D30,21522,39FF31000BFC,-199,49,-1013
26/07/2020 16:36:38.634,57762,AM1V310 @394D30,21529,3FFF26000BFC,-193,38,-1013
26/07/2020 16:36:38.692,57820,AM1V310 @394D30,21535,41FF1B001AFC,-191,27,-998
26/07/2020 16:36:38.752,57881,AM1V310 @394D30,21541,5AFF250002FC,-166,37,-1022
26/07/2020 16:36:38.783,57911,AM1V310 @394D30,21547,3DFF1A0000FC,-195,26,-1024
26/07/2020 16:36:38.842,57971,AM1V310 @394D30,21554,4BFF2100FAFB,-181,33,-1030
26/07/2020 16:36:38.903,58031,AM1V310 @394D30,21560,3BFF200010FC,-197,32,-1008
26/07/2020 16:36:38.932,58061,AM1V310 @394D30,21566,33FF1B002BFC,-205,27,-981
26/07/2020 16:36:38.992,58121,AM1V310 @394D30,21572,4EFF15002BFC,-178,21,-981
26/07/2020 16:36:39.053,58181,AM1V310 @394D30,21579,56FF160029FC,-170,22,-983
26/07/2020 16:36:39.083,58211,AM1V310 @394D30,21585,4EFF11000AFC,-178,17,-1014
26/07/2020 16:36:39.142,58271,AM1V310 @394D30,21591,54FF0000F7FB,-172,0,-1033
26/07/2020 16:36:39.203,58331,AM1V310 @394D30,21597,42FFFCFF06FC,-190,-4,-1018
26/07/2020 16:36:39.232,58360,AM1V310 @394D30,21604,4AFFF7FF15FC,-182,-9,-1003
26/07/2020 16:36:39.292,58420,AM1V310 @394D30,21610,52FFEAFF20FC,-174,-22,-992
26/07/2020 16:36:39.353,58481,AM1V310 @394D30,21616,65FFECFF0CFC,-155,-20,-1012
26/07/2020 16:36:39.385,58513,AM1V310 @394D30,21622,52FFD3FFF1FB,-174,-45,-1039
26/07/2020 16:36:39.442,58571,AM1V310 @394D30,21629,73FFB6FFB6FB,-141,-74,-1098
26/07/2020 16:36:39.503,58631,AM1V310 @394D30,21635,6DFF82FFBBFB,-147,-126,-1093
26/07/2020 16:36:39.532,58661,AM1V310 @394D30,21641,90FF67FF95FB,-112,-153,-1131
26/07/2020 16:36:39.592,58721,AM1V310 @394D30,21647,B2FF1DFF6DFB,-78,-227,-1171
26/07/2020 16:36:39.653,58782,AM1V310 @394D30,21654,AEFFF9FE4AFB,-82,-263,-1206
26/07/2020 16:36:39.686,58813,AM1V310 @394D30,21660,88FFCCFE83FB,-120,-308,-1149
26/07/2020 16:36:39.742,58870,AM1V310 @394D30,21666,84FF82FEFBFB,-124,-382,-1029
26/07/2020 16:36:39.803,58931,AM1V310 @394D30,21672,98FF9BFE14FC,-104,-357,-1004
26/07/2020 16:36:39.832,58960,AM1V310 @394D30,21679,52FFA6FEF1FC,-174,-346,-783
26/07/2020 16:36:39.892,59020,AM1V310 @394D30,21685,A0FF24FEF4FD,-96,-476,-524
26/07/2020 16:36:39.952,59081,AM1V310 @394D30,21691,D2FF70FC17FF,-46,-912,-233
26/07/2020 16:36:39.983,59111,AM1V310 @394D30,21697,8A00BDF90300,138,-1603,3
26/07/2020 16:36:40.042,59171,AM1V310 @394D30,21704,F10032F82502,241,-1998,549
26/07/2020 16:36:40.132,59262,AM1V310 @394D30,21710,BE0132F8CE07,446,-1998,1998
26/07/2020 16:36:40.133,59262,AM1V310 @394D30,21716,EE0332F8FA04,1006,-1998,1274
26/07/2020 16:36:40.252,59381,AM1V310 @394D30,21729,4B00CD074F06,75,1997,1615
26/07/2020 16:36:40.252,59382,AM1V310 @394D30,21722,24FDB50633F8,-732,1717,-1997
26/07/2020 16:36:40.293,59421,AM1V310 @394D30,21735,1F00BDFC4106,31,-835,1601
26/07/2020 16:36:40.402,59530,AM1V310 @394D30,21741,12010CFF6302,274,-244,611
26/07/2020 16:36:40.437,59564,AM1V310 @394D30,21747,4F0029001F00,79,41,31
26/07/2020 16:36:40.437,59565,AM1V310 @394D30,21754,BB023BFC67FE,699,-965,-409
26/07/2020 16:36:40.523,59651,AM1V310 @394D30,21760,F500F8F9CCFD,245,-1544,-564
26/07/2020 16:36:40.553,59681,AM1V310 @394D30,21766,77FFDDF8B6FD,-137,-1827,-586
26/07/2020 16:36:40.583,59711,AM1V310 @394D30,21772,1100CBFBDEFB,17,-1077,-1058
26/07/2020 16:36:40.673,59801,AM1V310 @394D30,21779,42009DFDEEFB,66,-611,-1042
26/07/2020 16:36:40.731,59860,AM1V310 @394D30,21785,D9FF1BFF26FD,-39,-229,-730
26/07/2020 16:36:40.748,59876,AM1V310 @394D30,21791,DDFF1CFF2CFE,-35,-228,-468
26/07/2020 16:36:40.792,59920,AM1V310 @394D30,21797,37002EFE37FE,55,-466,-457
26/07/2020 16:36:40.852,59981,AM1V310 @394D30,21804,3E007AFCF5FD,62,-902,-523
26/07/2020 16:36:40.972,60101,AM1V310 @394D30,21810,7E009EFB7FFD,126,-1122,-641
26/07/2020 16:36:41.018,60146,AM1V310 @394D30,21816,DB006AFC8CFC,219,-918,-884
26/07/2020 16:36:41.018,60146,AM1V310 @394D30,21822,E0FF73FE1CFC,-32,-397,-996
26/07/2020 16:36:41.032,60160,AM1V310 @394D30,21829,550047FD4BFD,85,-697,-693
26/07/2020 16:36:41.092,60220,AM1V310 @394D30,21835,05008DFC89FD,5,-883,-631
26/07/2020 16:36:41.215,60343,AM1V310 @394D30,21841,440003FD79FD,68,-765,-647
26/07/2020 16:36:41.245,60373,AM1V310 @394D30,21847,2000ABFD17FD,32,-597,-745
26/07/2020 16:36:41.365,60494,AM1V310 @394D30,21854,300072FD49FD,48,-654,-695
26/07/2020 16:36:41.366,60494,AM1V310 @394D30,21860,3A008EFD70FD,58,-626,-656
26/07/2020 16:36:41.408,60536,AM1V310 @394D30,21866,6C0075FE24FE,108,-395,-476
26/07/2020 16:36:41.408,60536,AM1V310 @394D30,21872,D1001DFFB7FE,209,-227,-329
26/07/2020 16:36:41.455,60583,AM1V310 @394D30,21879,200123006EFF,288,35,-146
26/07/2020 16:36:41.515,60643,AM1V310 @394D30,21885,AE000C008EFF,174,12,-114
26/07/2020 16:36:41.545,60673,AM1V310 @394D30,21891,E100E4FFC3FF,225,-28,-61
26/07/2020 16:36:41.605,60734,AM1V310 @394D30,21897,CF0031FFACFF,207,-207,-84
26/07/2020 16:36:41.635,60763,AM1V310 @394D30,21904,FE00C7FE95FE,254,-313,-363
26/07/2020 16:36:41.695,60824,AM1V310 @394D30,21910,70003501E7FB,112,309,-1049
26/07/2020 16:36:41.756,60884,AM1V310 @394D30,21916,1AFEA50585FA,-486,1445,-1403
26/07/2020 16:36:41.812,60940,AM1V310 @394D30,21922,27FE4C0784F9,-473,1868,-1660
26/07/2020 16:36:41.842,60971,AM1V310 @394D30,21929,75FDDC06BFFA,-651,1756,-1345
26/07/2020 16:36:41.906,61034,AM1V310 @394D30,21935,BCFEA40683FC,-324,1700,-893
26/07/2020 16:36:41.935,61063,AM1V310 @394D30,21941,18FE710740FC,-488,1905,-960
26/07/2020 16:36:41.996,61124,AM1V310 @394D30,21947,55FE2D0687FD,-427,1581,-633
26/07/2020 16:36:42.086,61215,AM1V310 @394D30,21954,5FFE3A0400FE,-417,1082,-512
26/07/2020 16:36:42.086,61216,AM1V310 @394D30,21960,B8FEAD0359FE,-328,941,-423
26/07/2020 16:36:42.145,61273,AM1V310 @394D30,21966,D2FEC80360FE,-302,968,-416
26/07/2020 16:36:42.205,61334,AM1V310 @394D30,21972,4EFF5104C5FE,-178,1105,-315
26/07/2020 16:36:42.235,61363,AM1V310 @394D30,21979,86FF9A0400FF,-122,1178,-256
26/07/2020 16:36:42.295,61424,AM1V310 @394D30,21985,8EFFFD0415FF,-114,1277,-235
26/07/2020 16:36:42.355,61484,AM1V310 @394D30,21991,B8FF060539FF,-72,1286,-199
26/07/2020 16:36:42.385,61513,AM1V310 @394D30,21997,D4FF8C0452FF,-44,1164,-174
26/07/2020 16:36:42.445,61574,AM1V310 @394D30,22004,CEFFC20347FF,-50,962,-185
26/07/2020 16:36:42.505,61634,AM1V310 @394D30,22010,E0FF030351FF,-32,771,-175
26/07/2020 16:36:42.535,61664,AM1V310 @394D30,22016,88FF81022AFF,-120,641,-214
26/07/2020 16:36:42.596,61724,AM1V310 @394D30,22022,C0FF65020CFF,-64,613,-244
26/07/2020 16:36:42.655,61783,AM1V310 @394D30,22029,9FFF7402EEFE,-97,628,-274
26/07/2020 16:36:42.685,61813,AM1V310 @394D30,22035,94FFDB02A4FE,-108,731,-348
26/07/2020 16:36:42.746,61874,AM1V310 @394D30,22041,94FFA703C4FE,-108,935,-316
26/07/2020 16:36:42.805,61933,AM1V310 @394D30,22047,62FF6704ACFE,-158,1127,-340
26/07/2020 16:36:42.834,61962,AM1V310 @394D30,22054,2AFF5704B6FE,-214,1111,-330
26/07/2020 16:36:42.895,62024,AM1V310 @394D30,22060,0DFFB204F3FE,-243,1202,-269
26/07/2020 16:36:42.955,62084,AM1V310 @394D30,22066,FCFEB2042AFF,-260,1202,-214
26/07/2020 16:36:42.986,62114,AM1V310 @394D30,22072,10FF230440FF,-240,1059,-192
26/07/2020 16:36:43.046,62174,AM1V310 @394D30,22079,2DFFEE0373FF,-211,1006,-141
26/07/2020 16:36:43.105,62234,AM1V310 @394D30,22085,20FFDC0393FF,-224,988,-109
26/07/2020 16:36:43.135,62263,AM1V310 @394D30,22091,32FFDF0398FF,-206,991,-104
26/07/2020 16:36:43.196,62324,AM1V310 @394D30,22097,2BFFC30390FF,-213,963,-112
26/07/2020 16:36:43.256,62384,AM1V310 @394D30,22104,27FFD2038FFF,-217,978,-113
26/07/2020 16:36:43.289,62417,AM1V310 @394D30,22110,4BFFE3039BFF,-181,995,-101
26/07/2020 16:36:43.346,62474,AM1V310 @394D30,22116,82FFEB039AFF,-126,1003,-102
26/07/2020 16:36:43.405,62534,AM1V310 @394D30,22122,7BFFCA0394FF,-133,970,-108
26/07/2020 16:36:43.435,62563,AM1V310 @394D30,22129,6CFFAE038AFF,-148,942,-118
26/07/2020 16:36:43.496,62624,AM1V310 @394D30,22135,6DFF91038BFF,-147,913,-117
26/07/2020 16:36:43.555,62684,AM1V310 @394D30,22141,74FF930394FF,-140,915,-108
26/07/2020 16:36:43.585,62713,AM1V310 @394D30,22147,5FFF970390FF,-161,919,-112
26/07/2020 16:36:43.642,62770,AM1V310 @394D30,22154,59FFB4039FFF,-167,948,-97
26/07/2020 16:36:43.703,62832,AM1V310 @394D30,22160,3FFFC1039DFF,-193,961,-99
26/07/2020 16:36:43.739,62867,AM1V310 @394D30,22166,23FFD3039BFF,-221,979,-101
26/07/2020 16:36:43.793,62921,AM1V310 @394D30,22172,12FFE60389FF,-238,998,-119
26/07/2020 16:36:43.852,62980,AM1V310 @394D30,22179,24FFE7037DFF,-220,999,-131
26/07/2020 16:36:43.883,63011,AM1V310 @394D30,22185,33FFDF037BFF,-205,991,-133
26/07/2020 16:36:43.942,63071,AM1V310 @394D30,22191,40FFE90378FF,-192,1001,-136
26/07/2020 16:36:44.004,63133,AM1V310 @394D30,22197,34FFD60386FF,-204,982,-122
26/07/2020 16:36:44.034,63162,AM1V310 @394D30,22204,44FFD7039BFF,-188,983,-101
26/07/2020 16:36:44.096,63224,AM1V310 @394D30,22210,56FFCC03B2FF,-170,972,-78
26/07/2020 16:36:44.156,63284,AM1V310 @394D30,22216,66FFBC039CFF,-154,956,-100
26/07/2020 16:36:44.186,63314,AM1V310 @394D30,22222,9AFFCB037AFF,-102,971,-134
26/07/2020 16:36:44.246,63373,AM1V310 @394D30,22229,F7FF18058FFF,-9,1304,-113
26/07/2020 16:36:44.305,63434,AM1V310 @394D30,22235,0200A50336FF,2,933,-202
26/07/2020 16:36:44.334,63462,AM1V310 @394D30,22241,BDFF410395FE,-67,833,-363
26/07/2020 16:36:44.396,63524,AM1V310 @394D30,22247,0500E003B2FE,5,992,-334
26/07/2020 16:36:44.456,63585,AM1V310 @394D30,22254,6800A8039BFE,104,936,-357
26/07/2020 16:36:44.490,63618,AM1V310 @394D30,22260,21005D035AFE,33,861,-422
26/07/2020 16:36:44.545,63673,AM1V310 @394D30,22266,A7FF0B0349FE,-89,779,-439
26/07/2020 16:36:44.605,63734,AM1V310 @394D30,22272,62FFC00220FE,-158,704,-480
26/07/2020 16:36:44.635,63763,AM1V310 @394D30,22279,71FFA70223FE,-143,679,-477
26/07/2020 16:36:44.696,63824,AM1V310 @394D30,22285,4CFFD90235FE,-180,729,-459
26/07/2020 16:36:44.756,63884,AM1V310 @394D30,22291,F5FEDF0257FE,-267,735,-425
26/07/2020 16:36:44.788,63915,AM1V310 @394D30,22297,82FE0904A1FE,-382,1033,-351
26/07/2020 16:36:44.842,63970,AM1V310 @394D30,22304,91FE8B049DFE,-367,1163,-355
26/07/2020 16:36:44.905,64034,AM1V310 @394D30,22310,B1FE1704C6FE,-335,1047,-314
26/07/2020 16:36:44.935,64063,AM1V310 @394D30,22316,74FE09038EFE,-396,777,-370
26/07/2020 16:36:44.996,64124,AM1V310 @394D30,22322,E1FD750269FE,-543,629,-407
26/07/2020 16:36:45.056,64184,AM1V310 @394D30,22329,FFFD8B0266FE,-513,651,-410
26/07/2020 16:36:45.085,64213,AM1V310 @394D30,22335,E2FDB90241FE,-542,697,-447
26/07/2020 16:36:45.145,64273,AM1V310 @394D30,22341,E0FD27033FFE,-544,807,-449
26/07/2020 16:36:45.206,64334,AM1V310 @394D30,22347,30FECD0261FE,-464,717,-415
26/07/2020 16:36:45.235,64363,AM1V310 @394D30,22354,5AFE7F0267FE,-422,639,-409
26/07/2020 16:36:45.296,64424,AM1V310 @394D30,22360,45FEC30290FE,-443,707,-368
26/07/2020 16:36:45.356,64485,AM1V310 @394D30,22366,98FE3303C0FE,-360,819,-320
26/07/2020 16:36:45.395,64523,AM1V310 @394D30,22372,EBFE6703B8FE,-277,871,-328
26/07/2020 16:36:45.445,64573,AM1V310 @394D30,22379,4AFF9403A4FF,-182,916,-92
26/07/2020 16:36:45.505,64634,AM1V310 @394D30,22385,52FF1904F3FF,-174,1049,-13
26/07/2020 16:36:45.535,64663,AM1V310 @394D30,22391,D9FEEF056AFF,-295,1519,-150
26/07/2020 16:36:45.596,64724,AM1V310 @394D30,22397,1C000106F800,28,1537,248
26/07/2020 16:36:45.655,64784,AM1V310 @394D30,22404,5D05E90470FD,1373,1257,-656
26/07/2020 16:36:45.685,64813,AM1V310 @394D30,22410,23FE36066EFE,-477,1590,-402
26/07/2020 16:36:45.745,64874,AM1V310 @394D30,22416,39FD9B045B00,-711,1179,91
26/07/2020 16:36:45.806,64934,AM1V310 @394D30,22422,4DFD300373FF,-691,816,-141
26/07/2020 16:36:45.833,64961,AM1V310 @394D30,22429,57FE5A0243FE,-425,602,-445
26/07/2020 16:36:45.896,65024,AM1V310 @394D30,22435,48FEE801D0FE,-440,488,-304
26/07/2020 16:36:45.955,65084,AM1V310 @394D30,22441,5FFDA601BAFF,-673,422,-70
26/07/2020 16:36:45.985,65113,AM1V310 @394D30,22447,4BFE590199FF,-437,345,-103
26/07/2020 16:36:46.046,65174,AM1V310 @394D30,22454,88FE00013EFF,-376,256,-194
26/07/2020 16:36:46.106,65234,AM1V310 @394D30,22460,24FE740173FF,-476,372,-141
26/07/2020 16:36:46.135,65263,AM1V310 @394D30,22466,34FD390381FF,-716,825,-127
26/07/2020 16:36:46.194,65322,AM1V310 @394D30,22472,6BFD660396FF,-661,870,-106
26/07/2020 16:36:46.258,65386,AM1V310 @394D30,22479,3FFE71030300,-449,881,3
26/07/2020 16:36:46.285,65413,AM1V310 @394D30,22485,87FEBB035DFF,-377,955,-163
26/07/2020 16:36:46.346,65474,AM1V310 @394D30,22491,ABFE560351FF,-341,854,-175
26/07/2020 16:36:46.402,65530,AM1V310 @394D30,22497,0FFF330341FF,-241,819,-191
26/07/2020 16:36:46.433,65561,AM1V310 @394D30,22504,36FF33037DFF,-202,819,-131
26/07/2020 16:36:46.496,65624,AM1V310 @394D30,22510,38FF270396FF,-200,807,-106
26/07/2020 16:36:46.556,65684,AM1V310 @394D30,22516,73FF9D0394FF,-141,925,-108
26/07/2020 16:36:46.588,65716,AM1V310 @394D30,22522,8FFFFC043BFF,-113,1276,-197
26/07/2020 16:36:46.646,65774,AM1V310 @394D30,22529,7AFF9A0515FF,-134,1434,-235
26/07/2020 16:36:46.706,65834,AM1V310 @394D30,22535,3D00D40422FF,61,1236,-222
26/07/2020 16:36:46.735,65863,AM1V310 @394D30,22541,84004C0505FF,132,1356,-251
26/07/2020 16:36:46.795,65924,AM1V310 @394D30,22547,CD00340563FF,205,1332,-157
26/07/2020 16:36:46.856,65984,AM1V310 @394D30,22554,B9FF6105A1FE,-71,1377,-351
26/07/2020 16:36:46.886,66014,AM1V310 @394D30,22560,69004004BEFE,105,1088,-322
26/07/2020 16:36:46.946,66073,AM1V310 @394D30,22566,3A001F04BFFE,58,1055,-321
26/07/2020 16:36:47.005,66134,AM1V310 @394D30,22572,8D00DD036CFE,141,989,-404
26/07/2020 16:36:47.035,66163,AM1V310 @394D30,22579,78005404DAFE,120,1108,-294
26/07/2020 16:36:47.096,66224,AM1V310 @394D30,22585,1400DC0496FF,20,1244,-106
26/07/2020 16:36:47.156,66285,AM1V310 @394D30,22591,BDFFAB044300,-67,1195,67
26/07/2020 16:36:47.193,66321,AM1V310 @394D30,22597,37FF0C058B00,-201,1292,139
26/07/2020 16:36:47.246,66374,AM1V310 @394D30,22604,70FEB305D700,-400,1459,215
26/07/2020 16:36:47.305,66433,AM1V310 @394D30,22610,74FE3C06B400,-396,1596,180
26/07/2020 16:36:47.335,66463,AM1V310 @394D30,22616,98FD2306B200,-616,1571,178
26/07/2020 16:36:47.396,66524,AM1V310 @394D30,22622,ABFC2D056F00,-853,1325,111
26/07/2020 16:36:47.456,66585,AM1V310 @394D30,22629,19FD0704F5FF,-743,1031,-11
26/07/2020 16:36:47.490,66618,AM1V310 @394D30,22635,40FE850261FF,-448,645,-159
26/07/2020 16:36:47.545,66674,AM1V310 @394D30,22641,BEFDBC0117FF,-578,444,-233
26/07/2020 16:36:47.605,66734,AM1V310 @394D30,22647,40FE7B015DFF,-448,379,-163
26/07/2020 16:36:47.635,66763,AM1V310 @394D30,22654,33FF3201F9FE,-205,306,-263
26/07/2020 16:36:47.696,66824,AM1V310 @394D30,22660,53FE62017CFE,-429,354,-388
26/07/2020 16:36:47.756,66884,AM1V310 @394D30,22666,76FE1701A5FE,-394,279,-347
26/07/2020 16:36:47.787,66916,AM1V310 @394D30,22672,87FEF20044FE,-377,242,-444
26/07/2020 16:36:47.842,66970,AM1V310 @394D30,22679,07FEC3006BFD,-505,195,-661
26/07/2020 16:36:47.905,67034,AM1V310 @394D30,22685,06FF7E007DFD,-250,126,-643
26/07/2020 16:36:47.935,67063,AM1V310 @394D30,22691,2AFE40005DFD,-470,64,-675
26/07/2020 16:36:47.995,67124,AM1V310 @394D30,22697,59FE980003FD,-423,152,-765
26/07/2020 16:36:48.056,67184,AM1V310 @394D30,22704,69FE340001FD,-407,52,-767
26/07/2020 16:36:48.085,67213,AM1V310 @394D30,22710,9AFEF3FFEDFC,-358,-13,-787
26/07/2020 16:36:48.146,67274,AM1V310 @394D30,22716,14FEFAFF88FC,-492,-6,-888
26/07/2020 16:36:48.205,67334,AM1V310 @394D30,22722,B4FEC8FFE0FC,-332,-56,-800
26/07/2020 16:36:48.235,67362,AM1V310 @394D30,22729,B5FEA8FF7EFC,-331,-88,-898
26/07/2020 16:36:48.296,67424,AM1V310 @394D30,22735,89FED0FF57FC,-375,-48,-937
26/07/2020 16:36:48.356,67484,AM1V310 @394D30,22741,77FED9FF43FC,-393,-39,-957
26/07/2020 16:36:48.385,67513,AM1V310 @394D30,22747,46FEEBFF51FC,-442,-21,-943
26/07/2020 16:36:48.445,67574,AM1V310 @394D30,22754,CAFEEDFF6BFC,-310,-19,-917
26/07/2020 16:36:48.505,67634,AM1V310 @394D30,22760,FBFE44004CFC,-261,68,-948
26/07/2020 16:36:48.536,67664,AM1V310 @394D30,22766,3EFF62005BFC,-194,98,-933
26/07/2020 16:36:48.596,67724,AM1V310 @394D30,22772,E7FE8F00F9FB,-281,143,-1031
26/07/2020 16:36:48.655,67783,AM1V310 @394D30,22779,A3FE950021FC,-349,149,-991
26/07/2020 16:36:48.685,67813,AM1V310 @394D30,22785,03FF8F000BFC,-253,143,-1013
26/07/2020 16:36:48.746,67874,AM1V310 @394D30,22791,ECFE84001BFC,-276,132,-997
26/07/2020 16:36:48.805,67934,AM1V310 @394D30,22797,E8FE8800F8FB,-280,136,-1032
26/07/2020 16:36:48.838,67966,AM1V310 @394D30,22804,06FF89002BFC,-250,137,-981
26/07/2020 16:36:48.896,68024,AM1V310 @394D30,22810,D5FEBC0035FC,-299,188,-971
26/07/2020 16:36:48.956,68084,AM1V310 @394D30,22816,D0FE03014EFC,-304,259,-946
26/07/2020 16:36:48.985,68113,AM1V310 @394D30,22822,16FFB1004BFC,-234,177,-949
26/07/2020 16:36:49.045,68173,AM1V310 @394D30,22829,F1FE8C003CFC,-271,140,-964
26/07/2020 16:36:49.105,68234,AM1V310 @394D30,22835,0DFF7F0085FC,-243,127,-891
26/07/2020 16:36:49.134,68262,AM1V310 @394D30,22841,A8FE870045FC,-344,135,-955
26/07/2020 16:36:49.196,68324,AM1V310 @394D30,22847,AFFE730031FC,-337,115,-975
26/07/2020 16:36:49.255,68383,AM1V310 @394D30,22854,A6FE5C002DFC,-346,92,-979
26/07/2020 16:36:49.284,68413,AM1V310 @394D30,22860,D5FE5D004AFC,-299,93,-950
26/07/2020 16:36:49.345,68474,AM1V310 @394D30,22866,D3FE6C0046FC,-301,108,-954
26/07/2020 16:36:49.405,68534,AM1V310 @394D30,22872,F1FE75005AFC,-271,117,-934
26/07/2020 16:36:49.435,68563,AM1V310 @394D30,22879,F3FE5E0051FC,-269,94,-943
26/07/2020 16:36:49.495,68624,AM1V310 @394D30,22885,53FF41002BFC,-173,65,-981
26/07/2020 16:36:49.555,68683,AM1V310 @394D30,22891,49FF630029FC,-183,99,-983
26/07/2020 16:36:49.584,68713,AM1V310 @394D30,22897,39FF9300FDFB,-199,147,-1027
26/07/2020 16:36:49.645,68773,AM1V310 @394D30,22904,19FF90001CFC,-231,144,-996
26/07/2020 16:36:49.705,68834,AM1V310 @394D30,22910,1CFF8E002FFC,-228,142,-977
26/07/2020 16:36:49.734,68863,AM1V310 @394D30,22916,32FF7E0049FC,-206,126,-951
26/07/2020 16:36:49.795,68923,AM1V310 @394D30,22922,37FF7A004AFC,-201,122,-950
26/07/2020 16:36:49.852,68980,AM1V310 @394D30,22929,2EFF7B0028FC,-210,123,-984
26/07/2020 16:36:49.884,69012,AM1V310 @394D30,22935,01FF9D001DFC,-255,157,-995
26/07/2020 16:36:49.945,69073,AM1V310 @394D30,22941,33FFD5005FFC,-205,213,-929
26/07/2020 16:36:50.005,69133,AM1V310 @394D30,22947,FCFEA700CEFB,-260,167,-1074
26/07/2020 16:36:50.034,69162,AM1V310 @394D30,22954,4BFF5C0035FC,-181,92,-971
26/07/2020 16:36:50.095,69224,AM1V310 @394D30,22960,1BFF67005DFC,-229,103,-931
26/07/2020 16:36:50.156,69284,AM1V310 @394D30,22966,01FF6D0098FC,-255,109,-872
26/07/2020 16:36:50.185,69313,AM1V310 @394D30,22972,2DFECE0035FC,-467,206,-971
26/07/2020 16:36:50.246,69374,AM1V310 @394D30,22979,85FE930058FC,-379,147,-936
26/07/2020 16:36:50.305,69434,AM1V310 @394D30,22985,A0FE890065FC,-352,137,-923
26/07/2020 16:36:50.334,69463,AM1V310 @394D30,22991,B2FE940083FC,-334,148,-893