ax_min,ax_max,ax_int,ax_mean,vx,ay_min,ay_max,ay_int,ay_mean,vy,az_min,az_max,az_int,az_mean,vz,wx_min,wx_max,wx_int,wx_mean,wxf,wy_min,wy_max,wy_int,wy_mean,wyf,wz_min,wz_max,wz_int,wz_mean,wzf,a_int,w_int,make,left,right,short,long,file_name,suggestion
-1998,1537,-182019.9722222222,-235.56349206349208,4.003961220032318,-1998,1996,390210.1666666666,497.58730158730157,-0.1447399014511047,-1996,1998,213823.0972222222,274.7936507936508,4.533083676062056,-1630.4,545.2,-13427.27638888889,-15.860317460317457,9.107430506794433,-995.3,2165.6,16668.219444444447,20.15079365079365,5.204246003882533,-857.0,502.9,12518.881944444442,16.20396825396826,5.204246003882533,950163.276956703,135592.5667282965,1,0,0,0,0,1596172607a.csv,ns
-1998,1664,-14369.392857142859,-17.463414634146343,-1.511416633812849,-1307,1993,427427.4603174603,562.8780487804878,2.0175263403741996,-1996,1998,97623.0119047619,128.66666666666666,3.645227771094058,-350.6,2165.1,11428.143253968256,8.888617886178867,12.106299212598424,-451.2,1612.6,18293.55952380952,17.898373983739834,4.035433070866142,-926.1,1568.8,17621.258333333335,18.49918699186992,4.035433070866142,907666.563436225,129272.0903670604,1,0,0,0,0,1596172626a.csv,ns
-1998,1186,-250092.76388888888,-295.97058823529414,2.9573642358344934,-1103,1933,349439.5694444445,415.7867647058824,-0.371915757966376,-1996,1998,131555.51388888888,156.36029411764707,5.079503063771073,-533.7,2083.4,-2659.9194444444415,-1.8566176470588234,7.223668136187389,-2262.9,1439.6,-3327.562500000002,-2.225735294117646,2.40788937872913,-1052.9,1777.2,9698.136111111111,12.465441176470588,18.059170340468473,1011679.4811637282,141176.08051069675,1,0,0,0,0,1596172728a.csv,ns
-1998,1631,-171084.36111111107,-172.34228187919464,4.005837051756178,-1998,1996,438120.22222222213,459.7718120805369,-0.7729470809122823,-1996,1998,151607.10714285713,167.09395973154363,4.552010514660295,-481.3,513.0,-6087.778571428569,-6.098657718120803,7.7230655312847105,-628.7,1588.5,16842.203968253965,14.897986577181209,2.2065901517956314,-1206.4,392.6,1597.9884920634897,-1.069798657718119,8.826360607182526,1097165.3239111542,118462.13958689549,1,0,0,0,0,1596172748a.csv,ns
-1998,1591,-46611.98809523808,-54.1744966442953,-0.22840234391595526,-1998,1996,323635.4166666666,362.4161073825503,3.003676154257827,-1996,1998,106282.76984126982,102.48993288590604,2.5825345276536376,-1764.8,518.2,-23086.908730158728,-24.959731543624155,6.619770455386894,-2239.2,2172.5,15908.994841269838,8.171140939597318,4.413180303591263,-837.2,331.9,-2409.7190476190494,-2.954362416107386,25.375786745649762,1140691.670907296,152435.66113587058,1,0,0,0,0,1596172768a.csv,ns
-1998,1129,-99568.63888888889,-113.54861111111111,-0.3870153269389515,-1998,1415,298965.15277777775,333.40972222222223,2.874307362330552,-1996,1998,111932.33333333331,128.70833333333334,3.206213473564181,-1628.0,421.1,-18678.165277777778,-20.818750000000005,4.542371812059366,-2232.8,1892.4,9213.838888888893,12.364583333333341,2.271185906029683,-605.4,703.2,15438.076388888887,16.34305555555555,1.1355929530148414,1053165.8965903244,131266.8654594671,1,0,0,0,0,1596172842a.csv,ns
-1998,1779,-25292.25,-29.814814814814813,0.010539625508800065,-1998,1996,243705.15079365077,284.8666666666667,0.6017885491068531,-1996,1998,16255.60714285713,2.9851851851851854,1.5650247963422472,-315.9,1424.7,10455.592460317459,14.3637037037037,12.204382729442395,-322.1,1822.9,20210.029761904756,24.44592592592592,4.881753091776958,-829.0,399.9,4022.144047619048,7.191111111111108,4.881753091776958,991546.3095502977,112024.55976717341,0,0,0,1,0,1596172863a.csv,ns
-1998,1169,-117727.14682539682,-119.16339869281046,-1.9859989846181392,-1998,1996,306777.88492063485,331.12418300653593,1.2924185840361033,-1996,1998,106699.19047619047,111.14379084967321,3.241224928257833,-544.3,369.8,-8818.187301587297,-9.590196078431369,5.368421052631578,-2286.2,1863.0,-1244.3916666666669,1.0352941176470603,39.726315789473674,-582.6,489.1,9728.700396825398,10.732026143790849,4.294736842105262,1133884.8181764719,121933.80817919374,0,0,1,0,0,1596172923a.csv,ns
-1998,1107,-175159.05555555553,-198.24113475177305,-1.8396636084145388,-1998,1996,352296.26587301586,408.0,1.5066669738419491,-1996,1900,138134.53174603175,164.9787234042553,4.463273712846753,-455.0,432.5,-3592.000000000005,-1.7836879432624129,9.3416149068323,-1116.7,2098.1,8645.626190476187,16.124822695035466,2.335403726708075,-633.8,401.8,12468.049603174602,15.688652482269516,0.0,1038706.4248619928,121502.32452291615,1,0,0,0,0,1596172994a.csv,ns
-1998,1099,-188140.11111111112,-214.3450704225352,2.493918304824207,-1998,1932,276490.02777777775,312.76056338028167,1.00261717322692,-1996,1993,135755.4583333333,155.11267605633802,4.5617847069244295,-1522.5,456.4,-24753.59444444444,-27.533098591549305,4.605156478028215,-2293.4,2232.2,2364.4263888888904,3.392957746478875,42.59769742176099,-1537.4,541.8,1178.2694444444442,2.523943661971831,6.907734717042323,1074660.5471303072,163486.55070541924,0,0,0,0,1,1596173025a.csv,ns
-1998,1312,-309239.9166666667,-349.68794326241135,4.274287706456174,-1998,1996,356018.25396825396,408.79432624113474,0.49519791295429344,-1996,1998,199140.4365079365,202.645390070922,5.097517033127853,-1041.1,510.7,-10022.548809523807,-11.952482269503541,9.3416149068323,-1648.6,2075.4,21758.89007936509,16.863120567375883,2.335403726708075,-763.5,671.6,16097.35277777778,20.988652482269508,0.0,1080693.4848715076,150284.25995021837,1,0,0,0,0,1596173055a.csv,ns
-1998,1190,-75908.6984126984,-101.05128205128206,-1.8362677562171157,-1733,1996,322199.3253968254,447.5982905982906,0.8546070682537275,-1996,1998,59030.66269841268,71.13675213675214,2.710071363267378,-1639.6,358.2,-19720.156349206347,-23.361538461538466,9.909255898366606,-1036.5,2246.3,13703.914285714283,15.03247863247863,2.831215970961887,-521.5,644.2,10802.17896825397,15.22820512820513,5.662431941923774,887328.2269792056,131332.35629620918,1,0,0,0,0,1596173089a.csv,ns
-1998,1414,-163399.73214285713,-182.68055555555554,-2.2491056986289073,-1998,1996,419710.998015873,469.72222222222223,1.5272229045640966,-1996,1759,124546.9503968254,138.90277777777777,4.779672826207988,-765.3,1253.9,-10612.734920634919,-10.763888888888893,9.074581718498914,-1786.3,2255.8,7298.759722222219,6.149305555555555,4.537290859249457,-1306.4,374.8,12461.042658730157,14.15486111111111,4.537290859249457,1056514.7804576983,141765.891117661,1,0,0,0,0,1596173118a.csv,ns
-1998,1398,-231356.41666666666,-264.67605633802816,4.344973983430414,-1998,1996,372127.0694444444,423.6267605633803,1.0661004784953876,-1996,1808,117028.31944444444,132.76760563380282,4.449423739121889,-1561.9,678.0,-15023.601388888892,-16.202112676056338,9.21031295605643,-1433.8,2245.6,22205.654166666664,26.61338028169015,2.3025782390141076,-1017.5,614.4,16554.53472222222,18.83873239436619,11.512891195070537,1064882.3833329384,156866.28400753863,1,0,0,0,0,1596173184a.csv,ns
-1998,1366,-169830.29365079367,-193.7762237762238,-0.9201204267087278,-1998,1996,354008.7301587301,381.16783216783216,1.8529400020656481,-1996,1998,121456.61111111108,148.37762237762237,4.00957140886894,-949.7,381.5,-11874.792460317462,-12.498601398601396,9.202059202059202,-2267.3,2105.1,19554.22142857142,25.572027972027975,4.601029601029601,-333.9,310.2,14220.396825396823,15.531468531468535,1.1502574002574002,1059524.6353330829,137277.45813945294,0,0,0,0,1,1596173216a.csv,ns
-1998,1330,-180028.07539682538,-223.8939393939394,-1.2365045126325722,-1998,1996,350799.25595238095,430.0681818181818,-0.005657437861088065,-1996,1983,110456.25595238095,137.79545454545453,4.721903960217071,-457.1,1486.4,18280.508928571428,22.665151515151525,9.918286841363766,-257.8,2182.6,22450.41706349206,27.891666666666666,4.959143420681883,-1155.1,446.6,17001.132142857143,19.8659090909091,6.198929275852354,1002182.8580943352,137594.6870221697,0,0,1,0,0,1596173240a.csv,ns
-1998,1313,-192953.1388888889,-217.85106382978722,4.398085450447511,-1998,1967,373492.9920634921,412.74468085106383,0.5275887290655259,-1996,1998,141939.2380952381,176.5177304964539,4.075864024253514,-1101.8,468.8,-16054.970634920634,-15.3404255319149,9.3416149068323,-1849.6,2288.4,11603.726587301586,22.98297872340425,2.335403726708075,-1185.1,715.4,21427.22420634921,21.784397163120556,0.0,1070607.471282458,150153.85106585186,0,0,1,0,0,1596173269a.csv,ns
-1998,1653,-187361.0992063492,-221.83211678832117,4.640759886456314,-1998,1996,370924.8809523809,456.007299270073,0.6148253479628386,-1996,1998,155091.49603174604,170.92700729927006,4.093187542110812,-2078.2,393.0,-16421.26904761905,-16.02554744525547,12.02809482001756,-583.7,2279.5,28530.372222222228,33.46496350364964,4.811237928007024,-1212.4,603.6,11246.61468253968,15.274452554744515,8.419666374012293,1065658.9869460221,146641.6954507929,1,0,0,0,0,1596173303a.csv,ns
-1998,1688,-111724.59126984126,-124.59354838709677,-3.1910607460682483,-1764,1996,429090.7896825397,450.71612903225804,-0.22512816745122516,-1996,1998,56664.317460317456,54.56774193548387,4.414613453347074,-838.9,1330.1,-4318.885714285714,-1.642580645161291,48.76080533975271,-2293.4,2175.3,3289.706746031743,-0.5012903225806491,4.2400700295437135,-1052.1,1823.2,15390.561507936507,21.96516129032258,1.0600175073859284,1147096.3851392502,148595.54511295797,0,0,0,0,1,1596173330a.csv,ns
-1998,1457,-179018.01388888888,-197.08219178082192,4.729688467643726,-1843,1996,448156.81944444444,495.32876712328766,-0.11799158674202279,-1996,1998,108937.625,121.39041095890411,3.7593600371962066,-307.0,1530.6,11526.833333333328,12.726712328767121,12.30990924699534,-1757.3,2234.5,23066.115277777775,23.873972602739727,4.476330635271033,-1296.1,538.2,18776.411111111112,19.87876712328766,5.595413294088791,1108208.3342826897,156436.08575404098,0,0,0,0,1,1596173360a.csv,ns
-1998,1221,-102341.13888888889,-132.75182481751824,3.507670661820622,-1966,1996,384461.86904761905,459.8175182481752,-0.028021487347785853,-1996,1998,125506.57142857142,162.05109489051094,3.9869619173663917,-506.5,2239.0,5465.810714285716,2.3700729927007305,10.825285338015805,-1348.5,1269.1,-6377.6896825396825,1.4116788321167888,9.622475856014049,-1044.4,1078.4,23238.688095238096,22.570802919708033,0.0,1019613.6636252913,127121.90697366405,0,0,1,0,0,1596173387a.csv,ns
-1998,1152,-217612.69444444444,-224.96153846153845,4.352469530093764,-1998,1996,457086.02777777775,472.0897435897436,0.4443874322432394,-1996,1998,112474.44444444444,117.92307692307692,5.286118558570011,-1389.0,530.9,-12123.733333333334,-11.729487179487178,9.40854810823851,-2293.4,1981.7,2182.337500000001,3.267307692307685,5.226971171243616,-950.8,914.3,16936.32083333333,17.625000000000007,0.0,1144917.6889493896,147016.11486974717,0,0,1,0,0,1596173414a.csv,ns
-1998,1508,-70351.46825396824,-71.91724137931034,-0.9410698641036208,-893,1996,394503.73412698414,440.17241379310343,0.5596832650603772,-1996,1998,75547.92063492064,73.77241379310345,3.7012529420848517,-430.3,1365.3,3566.0253968253974,7.36827586206897,12.480438184663535,-845.6,1573.7,18722.01428571429,17.68275862068965,4.538341158059468,-610.9,516.7,5752.909523809523,7.691724137931033,4.538341158059468,1052283.143213056,125001.98405280567,1,0,0,0,0,1596173440a.csv,ns
-1998,1787,-201828.56349206355,-214.03546099290782,3.905960598755809,-1998,1996,385230.67063492065,435.72340425531917,0.8953279502250152,-1996,1998,98102.56746031746,101.95035460992908,4.07831638491195,-885.1,526.8,-5733.634126984126,-10.1645390070922,9.3416149068323,-1959.5,2293.4,14992.756746031744,19.119148936170223,4.67080745341615,-1239.4,556.0,17155.800793650793,14.91560283687943,19.850931677018636,1073913.6457446357,168733.92016168052,0,0,0,1,0,1596173466a.csv,ns
-1998,1316,-146244.35912698414,-170.7357142857143,4.150633376696872,-1998,1996,425891.90873015876,491.39285714285717,0.6640104491845774,-1996,1998,203989.85317460314,236.39285714285714,4.606811058291187,-1147.4,487.4,-14019.785515873016,-16.544285714285714,4.669701972949083,-2167.4,2293.4,2848.391071428576,4.827142857142855,32.68791381064358,-1586.2,487.0,14414.814880952383,17.331428571428567,5.837127466186354,1061201.9096570176,131128.81662377864,1,0,0,0,0,1596173552a.csv,ns
-1998,1495,-204695.13888888888,-231.41549295774647,-2.2875941307214194,-1944,1996,390999.19444444444,444.11267605633805,0.7803031999303883,-1996,1998,166646.47222222222,186.96478873239437,5.474692169780518,-791.6,1548.0,2821.7902777777786,2.0521126760563404,48.35414301929626,-2293.4,1368.3,7384.409722222217,7.505633802816898,79.43894924598672,-1030.4,500.5,11284.96111111111,13.528169014084511,8.059023836549377,1109341.0565888954,157185.84956447518,1,0,0,0,0,1596173576a.csv,ns
-1051,1656,-9033.043650793654,-34.10958904109589,2.092988564170799,-1543,1996,292799.4642857143,667.0410958904109,1.1715777497547704,-1996,1240,-41457.892857142855,-109.06849315068493,1.9885160827141448,-330.1,413.6,-598.3944444444453,2.682191780821918,4.634920634920635,-1575.9,592.9,-682.2408730158768,0.46575342465753305,4.634920634920635,-392.0,370.0,6975.468650793649,12.320547945205474,18.53968253968254,523171.7228728479,95627.86253141264,1,0,0,0,0,1596173619a.csv,ns
-1998,1943,-128972.70833333333,-148.5281690140845,3.841276782799243,-1998,1594,357333.6111111111,403.69718309859155,0.4462367970424307,-1996,1998,120891.05555555556,139.71830985915494,3.178369780163174,-323.8,1846.5,12785.290277777774,13.790845070422533,10.361602075563484,-1080.6,2273.3,15678.211111111108,17.22957746478873,2.3025782390141076,-505.8,1148.2,22715.341666666664,24.964788732394364,0.0,1062415.524107071,137047.7590863982,0,0,0,0,1,1596173651a.csv,ns
-1998,1190,-152510.8333333333,-198.33333333333334,3.436965125359051,-1998,1980,393271.84920634923,485.4341085271318,2.589902422490124,-1996,1998,-100059.24603174602,-96.47286821705427,3.0626127175387197,-1446.1,591.0,-11727.965476190475,-16.399999999999995,5.119047619047618,-1478.3,2270.8,23792.699603174606,38.55348837209302,5.119047619047618,-899.0,434.4,14701.125,14.290697674418611,80.62499999999999,962637.6298546423,148712.75628534268,0,0,1,0,0,1596173721a.csv,ns
-1998,1255,-131192.61111111112,-137.2207792207792,3.397470294822571,-1998,1996,394724.11111111107,411.23376623376623,1.4305519798015325,-1996,1998,3300.166666666657,3.0454545454545454,3.671358073942938,-816.5,829.9,-2384.4083333333356,-2.791558441558444,11.657674521030609,-2262.5,2211.0,211.824999999998,-1.1064935064935024,5.298942964104823,-1527.2,1299.1,23296.122222222224,24.776623376623363,0.0,1145176.8971887755,154417.43741802493,1,0,0,0,0,1596173750a.csv,ns
-1998,1058,-176524.9702380952,-197.27777777777777,3.624088538236355,-1998,1996,371593.96031746035,413.125,-0.054686665018968926,-1996,1973,103038.22222222219,115.8125,3.49279043743107,-1132.3,1756.3,11446.933928571425,11.377777777777784,9.074581718498914,-1698.3,2263.9,14742.44226190476,17.31597222222223,4.537290859249457,-997.5,427.2,13222.520238095241,14.671527777777776,5.671613574061821,1068429.2424870767,137857.5914283628,1,0,0,0,0,1596173786a.csv,ns
-1998,1085,-180773.00793650793,-210.66666666666666,4.286662874306581,-1968,1996,397220.5198412699,454.4822695035461,0.09152910149378324,-1996,1998,116283.84126984126,137.77304964539007,4.028818987987455,-387.1,1412.6,2964.4452380952307,6.224113475177309,14.01242236024845,-1855.5,2292.8,27883.721031746034,23.647517730496457,2.335403726708075,-736.1,491.0,8927.434523809523,13.969503546099295,0.0,1072035.2716716104,140031.6540746388,0,0,1,0,0,1596173814a.csv,ns
-1998,1246,-140628.59722222222,-161.8695652173913,3.752208346884618,-1998,1915,376517.5138888889,440.42753623188406,0.06451505916761385,-1996,1998,149254.90277777775,172.92753623188406,4.412435636023669,-956.1,235.1,-17135.976388888892,-20.20942028985507,7.112424409015944,-2266.8,2281.8,6283.616666666669,8.291304347826086,4.7416162726772955,-1017.5,959.6,17673.102777777774,20.194202898550724,0.0,1057531.0018130818,146491.6795083737,0,0,0,1,0,1596173889a.csv,ns
-1998,1084,-181746.06150793645,-230.265625,2.6877223478871497,-946,1996,326356.89087301586,410.3671875,1.4757908955500934,-1996,1987,51975.80952380953,67.578125,3.2633303133622653,-318.6,1383.8,11278.286507936506,14.552343750000004,10.235496381592098,-993.0,1849.0,15098.049007936506,19.98281250000001,2.5588740953980245,-611.3,1189.8,20319.7373015873,26.485156250000006,0.0,971430.7597383559,145769.11625605027,0,0,1,0,0,1596173929a.csv,ns
-1998,974,-215935.39285714284,-231.2517006802721,4.285245262485667,-605,1960,393836.2301587302,428.23809523809524,0.46528828600624583,-1996,1998,107123.83333333333,129.25850340136054,3.6801986068372385,-414.8,1731.5,14086.10873015873,12.583673469387747,12.299196787148595,-794.1,2266.0,34719.44603174603,30.81156462585034,2.236217597663381,-1067.6,1422.1,24024.216666666664,22.41904761904762,14.535414384811975,1073876.8472385786,142968.81830724172,1,0,0,0,0,1596173958a.csv,ns
-1998,1767,-181684.9920634921,-182.98561151079136,4.218938287849408,-1017,1996,400299.9682539682,434.58273381294964,0.23694896025067316,-1996,1998,167024.3373015873,190.62589928057554,3.8256427018453234,-347.9,597.0,-3259.8515873015845,-5.020143884892084,9.485464719530505,-410.2,2142.2,26811.013095238093,25.241007194244613,7.114098539647879,-1119.7,432.6,16851.405158730162,15.689928057553958,4.742732359765252,1060556.8423732908,143170.6747517254,1,0,0,0,0,1596173998a.csv,ns
-1998,1124,-200040.11904761905,-219.54054054054055,3.4808490375942416,-1998,1996,385223.1051587301,417.8581081081081,0.3426559770291011,-1996,1990,157651.7916666667,175.24324324324326,4.16512480492962,-444.3,1577.8,10017.479960317458,10.256081081081085,14.339588892035716,-741.5,1925.4,7903.97043650794,9.135135135135137,61.77053676569231,-563.6,579.8,9283.709325396821,10.120270270270275,11.030452993873627,1149728.4402923998,145772.78403483372,1,0,0,0,0,1596174102a.csv,ns
-1998,1229,-129196.46428571428,-141.3404255319149,3.569633750037357,-1998,1941,322167.7817460318,388.36170212765956,-0.8196697566522566,-1996,1998,199207.6666666667,211.17021276595744,4.093050141391902,-1292.2,292.4,-14767.202380952382,-13.445390070921988,8.173913043478262,-1268.8,2030.4,5015.485714285714,1.9822695035460964,4.67080745341615,-892.5,1032.7,22184.341666666664,27.629787234042553,0.0,1065103.235060938,139825.85044638763,0,0,0,1,0,1596174131a.csv,ns
-1998,1245,-164504.9384920635,-224.75,3.054756613733801,-1775,1996,424014.8849206349,571.5,2.4151736015786054,-1996,1998,-46881.126984126975,-57.858333333333334,4.023779963535973,-1574.0,317.3,-14624.810515873014,-18.575833333333335,9.568069983597592,-1097.1,2293.4,17963.735119047622,22.98333333333333,5.4674685620557675,-1176.8,629.3,10530.863293650793,14.315,65.60962274466921,919825.5708673804,136473.34725416132,0,0,0,1,0,1596174179a.csv,ns
-1998,1253,-160515.63888888888,-200.65116279069767,4.188661967807276,-1998,1996,406324.2936507936,490.13953488372096,-0.281730735963158,-1996,1998,90177.01587301586,127.47286821705427,3.989460900095483,-990.9,451.7,-10242.313492063491,-11.88759689922481,8.95833333333333,-2286.4,2293.4,11808.430952380957,29.911627906976744,6.398809523809522,-1418.1,849.5,20930.715079365076,21.15891472868217,60.14880952380951,1009400.436202485,151228.01577499084,1,0,0,0,0,1596174206a.csv,ns
-1998,903,-263854.85317460314,-286.49668874172187,4.177469376934622,-1998,1996,418139.6349206349,440.4503311258278,2.0308651680071086,-1996,1998,45700.28571428572,52.271523178807946,4.500179857966511,-1675.6,361.2,-7539.722619047618,-6.472185430463576,8.70166541808333,-632.0,2252.8,29508.74484126984,24.86821192052979,2.1754163545208325,-678.0,639.3,11243.512301587303,12.677483443708612,5.438540886302081,1128439.1924062015,146060.35896855904,0,0,0,0,1,1596174235a.csv,ns
-1998,1772,-157636.34325396825,-171.59459459459458,3.551953675459188,-1998,1991,428183.1488095238,466.77027027027026,-1.9717523317664716,-1996,1998,212423.65079365077,232.84459459459458,4.338972291970665,-706.6,2138.9,4300.721230158731,5.9635135135135195,46.32790257426923,-2142.7,1508.2,-11827.389484126981,-11.891216216216215,78.31621625650276,-1015.4,576.2,17817.522023809524,19.907432432432433,0.0,1094180.438319261,136859.86952292133,0,0,0,1,0,1596174274a.csv,ns
-1998,1403,-226213.4861111111,-231.79113924050634,5.247387998660459,-1789,1996,522269.09722222225,532.120253164557,0.7376271330410615,-1996,1977,87322.22222222222,92.15189873417721,4.356211550011608,-353.7,2066.4,19675.527777777777,20.962025316455694,11.356804934786586,-976.0,1836.4,22946.16388888889,22.72531645569621,2.064873624506652,-361.5,791.0,24468.802777777775,24.904430379746834,0.0,1192383.6462438547,164528.64150578264,1,0,0,0,0,1596174305a.csv,ns
-1998,1071,-235540.0119047619,-266.94557823129253,3.860343710717895,-1953,1996,359254.6349206349,391.6258503401361,1.3625041732557477,-1996,1998,159348.8968253968,163.47619047619048,4.919504871924525,-1037.1,284.6,-19825.980555555554,-18.324489795918367,8.954678362573098,-2293.4,2264.0,21227.55793650794,13.153061224489795,4.477339181286549,-925.8,452.2,8174.281349206351,13.076870748299317,51.48940058479531,1100733.1888233712,149233.90172320127,0,0,0,0,1,1596174339a.csv,ns
-1998,1391,-92793.87698412698,-92.29251700680273,3.9872007489480157,-1998,1996,373656.78571428574,415.53061224489795,-1.2577818088608237,-1996,1998,222643.25,228.12244897959184,4.09887347460723,-816.4,208.6,-12431.630158730157,-15.358503401360545,4.472435195326762,-2293.4,2270.1,9094.724206349209,7.410884353741505,4.472435195326762,-247.4,698.8,7030.540873015872,7.825850340136058,2.236217597663381,1122687.0344800772,159020.11489437844,0,0,1,0,0,1596174366a.csv,ns
-1998,1998,-269095.3373015873,-300.6595744680851,2.4875336473373535,-1998,1996,308775.1865079365,355.78014184397165,1.057757860564306,-1996,1998,125214.87301587299,141.24822695035462,4.523436627294024,-509.1,936.3,1672.4535714285719,1.1716312056737537,12.844720496894412,-1154.9,2002.4,2462.0015873015873,0.4297872340425499,2.335403726708075,-794.7,507.5,6185.068650793648,6.7865248226950285,5.838509316770187,1074703.5851670715,128422.51052666442,1,0,0,0,0,1596174413a.csv,ns
-1998,1017,-201946.56944444444,-205.63291139240508,3.0268553155493256,-1998,1996,368051.99206349207,376.0,2.2101150600558164,-1996,1961,78812.42857142858,82.81645569620254,4.55083794214762,-577.8,512.6,-11384.288095238095,-11.622151898734174,4.125541803749543,-2293.4,2207.8,9126.828373015876,7.229113924050633,50.5378870959319,-489.7,668.3,13359.899206349206,12.901265822784817,15.470781764060785,1154736.7413568825,154893.25990968378,0,0,1,0,0,1596174453a.csv,ns
-1998,1173,-316294.52777777775,-342.1533333333333,3.5688150062556487,-1998,1949,370368.65277777775,396.04,1.3867754919554747,-1996,1998,136556.12499999997,148.30666666666667,4.715466908416091,-528.5,1456.0,5118.273611111109,5.593999999999997,9.797660173600022,-663.8,1725.2,15021.298611111115,15.815333333333331,5.443144540888901,-819.4,653.6,18332.443055555555,20.170666666666666,0.0,1095267.7889618508,136954.39553774794,0,0,0,0,1,1596174486a.csv,ns
-1998,1160,-293825.41269841266,-350.6861313868613,0.32849321398536924,-1277,1663,320833.14285714284,382.5255474452555,2.8182692786322066,-1996,1998,205578.36904761902,226.54014598540147,-0.5321498796300179,-467.1,1395.5,-5564.591666666668,-3.1861313868613164,12.02809482001756,-2293.4,2249.7,12311.71587301587,7.73941605839416,34.881474978050925,-1332.3,1530.6,5630.742857142856,12.235766423357662,70.9657594381036,1029117.289776334,131781.97846883006,1,0,0,0,0,1596174519a.csv,ns
-1998,1998,-239474.86111111107,-265.8424657534247,3.1535826502119972,-1992,1996,351032.72222222225,387.9931506849315,-0.42994196539094803,-1996,1998,192299.40277777775,213.32876712328766,4.475889425537601,-488.8,1788.1,13973.275000000001,15.178767123287674,14.548074564630857,-885.6,1359.9,-10698.205555555558,-12.71643835616438,1.1190826588177583,-961.1,1484.7,11731.0625,12.156164383561647,19.024405199901892,1083154.1309923262,125055.53622557044,0,0,0,0,1,1596174554a.csv,ns
-1998,1375,-215263.14285714284,-225.58503401360545,3.7726452631897667,-1998,1996,350051.84126984124,398.1700680272109,-0.31326660011835944,-1996,1998,284399.6944444444,313.31972789115645,5.395933091905119,-1572.3,809.4,-10809.51468253968,-11.1360544217687,6.716008771929824,-2292.2,2270.8,6071.174999999999,7.807482993197276,5.596673976608186,-639.9,348.3,16779.17380952381,15.713605442176878,5.596673976608186,1091540.1219906749,152668.97659686476,0,0,0,1,0,1596174591a.csv,ns
-1998,1998,-219610.67857142855,-260.9148936170213,3.09075786389336,-1998,1996,298671.0515873016,343.8581560283688,-0.5596668403058666,-1996,1998,191082.80555555556,223.17730496453902,4.093036825614824,-489.0,796.2,1434.7234126984122,3.399999999999997,7.006211180124225,-751.9,2256.8,-2382.952777777776,4.824822695035452,2.335403726708075,-1247.1,649.4,-1397.1293650793625,0.7106382978723387,8.173913043478262,1062172.505158061,129766.7417582011,0,0,0,1,0,1596174622a.csv,ns
-1998,1081,-202913.74206349207,-223.61702127659575,3.572646950287699,-1918,1996,336888.0833333334,393.82978723404256,0.1470947322878519,-1996,1998,187075.71031746033,194.9078014184397,4.797367632899086,-1852.9,479.0,-23580.93928571428,-23.633333333333333,7.006211180124225,-1557.5,2279.2,17645.498015873014,13.593617021276595,4.67080745341615,-507.0,776.7,1210.3749999999975,4.374468085106384,7.006211180124225,1053008.0858880088,136677.2340500704,1,0,0,0,0,1596174654a.csv,ns
-1998,1340,-101618.66865079364,-118.15714285714286,3.9915939298745515,-1026,1895,368125.25396825396,421.23571428571427,-0.4829316990574612,-1996,1998,215389.2599206349,248.25,3.7943758827295144,-449.2,970.2,161.57023809523983,0.625714285714284,9.339403945898166,-2218.0,2232.1,-3357.548809523808,-1.230714285714288,4.669701972949083,-592.0,1608.6,21906.829563492065,26.31285714285714,0.0,1065568.7052723404,146006.12545041414,0,0,0,1,0,1596174692a.csv,ns
-1998,1907,-217038.1686507936,-212.39634146341464,4.270842759416062,-1998,1729,433854.58531746024,426.9085365853659,0.7255628061877255,-1996,1853,129926.20238095237,127.79268292682927,5.226311522894756,-483.6,333.4,-12149.751785714288,-11.761585365853657,6.954288275845358,-2286.0,2293.4,11934.650198412703,12.549390243902435,4.96734876846097,-526.1,707.4,12695.0873015873,12.148780487804878,1.986939507384388,1202577.5622345735,141008.54952675148,1,0,0,0,0,1596174723a.csv,ns
-1998,970,-223274.52777777775,-267.83458646616543,3.539648433281692,-1998,1967,356550.1785714286,448.7368421052632,-0.0004961756128971304,-1996,1998,178632.7619047619,226.53383458646616,4.7853153190024065,-489.0,1918.3,9236.802380952378,6.455639097744358,14.88111888111888,-2276.7,1171.6,-9588.64484126984,-3.106015037593981,34.722610722610725,-640.1,1002.1,23183.159920634924,25.054135338345862,0.0,991377.068286074,137988.26516720428,1,0,0,0,0,1596174758a.csv,ns
-1998,1047,-193799.15277777778,-215.3013698630137,3.6323499261526586,-1998,1936,371777.0972222222,411.5068493150685,0.9681655813067448,-1996,1998,130131.66666666666,143.73287671232876,4.838427914052734,-982.8,262.7,-14559.372222222219,-15.793150684931502,4.476330635271033,-2292.2,1999.6,5852.526388888887,7.680136986301359,4.476330635271033,-1019.2,834.6,12640.477777777776,14.558904109589044,4.476330635271033,1071030.5084363169,139082.07626235814,0,0,0,1,0,1596174789a.csv,ns
-1998,1387,-318632.9662698413,-370.75,2.3793708765922252,-1954,1996,316770.011904762,364.1142857142857,2.4444889223603856,-1996,1941,16361.511904761901,21.242857142857144,4.432129028634282,-1234.2,1338.8,-459.68293650793606,-0.7871428571428586,5.837127466186354,-1708.0,2293.4,15046.515873015875,19.068571428571435,5.837127466186354,-943.7,852.4,17173.0501984127,20.11642857142857,0.0,1084302.908435094,151238.88401147307,1,0,0,0,0,1596174835a.csv,ns
-1998,1785,-113006.91666666666,-157.0077519379845,1.7174877447418404,-1387,1996,356914.82539682544,453.86821705426354,3.1832753089823624,-1996,1998,251249.39285714287,319.5813953488372,1.0436084906475438,-507.1,395.6,-8456.875793650794,-9.578294573643412,6.398809523809522,-1106.9,2047.9,-10045.676984126985,-2.691472868217055,57.5892857142857,-718.2,269.6,8475.133730158728,11.884496124031015,5.119047619047618,995211.6742716777,131487.1958026684,1,0,0,0,0,1596174871a.csv,ns
-1998,1219,-226681.8849206349,-260.73571428571427,4.868928528004697,-1998,1996,396211.3908730158,453.9,0.13697426229925555,-1996,1998,141941.73214285716,162.61428571428573,3.473625019226394,-924.1,2231.6,12101.616865079359,12.520714285714282,45.52959423625356,-1080.3,1421.9,26955.49325396825,29.741428571428553,2.3348509864745415,-1375.3,1771.0,22865.64444444445,26.277857142857133,63.04097663481262,1048382.7793781791,148712.14514976792,0,0,1,0,0,1596174908a.csv,ns
-1998,1435,-154982.8333333333,-177.20422535211267,4.192528136263089,-1998,1996,421723.1388888889,479.30281690140845,0.43057140742368727,-1996,1998,82310.72222222222,93.73239436619718,4.022100007425286,-1205.9,535.7,-6020.024999999998,-6.49929577464789,6.907734717042323,-1513.6,2286.2,14692.498611111105,17.956338028169007,2.3025782390141076,-1064.8,385.9,12012.56388888889,14.05352112676057,2.3025782390141076,1045638.9697476969,144405.03358618834,1,0,0,0,0,1596174944a.csv,ns
-1998,1276,-145320.02976190473,-154.78947368421052,4.360060220307285,-1459,1996,418236.0317460317,443.0263157894737,-0.5070460131255845,-1996,1998,110371.24404761902,119.33552631578948,3.188169517660423,-288.8,1700.7,21887.39384920635,22.199342105263153,9.661016949152541,-546.4,2051.2,20642.486111111106,22.192763157894728,2.1468926553672314,-991.2,1994.6,16678.697222222218,17.11776315789474,75.1412429378531,1102878.5981752751,143167.52681674206,1,0,0,0,0,1596174977a.csv,ns
-1998,1025,-265445.74603174604,-300.38028169014086,4.471381631335555,-1998,1975,401326.16269841266,453.1830985915493,1.2211486918994778,-1996,1998,112535.79365079364,126.23239436619718,4.841989941433694,-1405.4,407.2,-17954.957341269837,-20.138732394366208,6.899902818270165,-1283.8,2293.4,22838.199206349207,23.716901408450713,2.299967606090055,-692.6,556.7,11214.2128968254,13.204929577464789,6.899902818270165,1061977.4902215726,139000.1033239894,0,0,1,0,0,1596175013a.csv,ns
-1998,1121,-196976.4880952381,-228.62237762237763,4.8065680816743015,-1998,1996,436567.81746031746,479.95104895104896,0.7226167538641057,-1996,1998,107708.16269841268,129.30769230769232,4.5357709162890885,-2056.3,810.1,-18669.35238095238,-21.12237762237763,6.901544401544401,-1189.3,2293.4,20719.58492063492,27.558041958041965,2.3005148005148004,-633.6,542.1,7553.682936507935,7.802097902097899,2.3005148005148004,1062177.335186346,142980.12789020548,1,0,0,0,0,1596175047a.csv,ns
-1998,1618,-141884.55952380953,-163.74820143884892,3.8773821927384136,-1500,1988,437226.1468253968,522.0143884892086,-1.2887581482611348,-1996,1998,196004.0634920635,216.45323741007195,4.672797220737303,-1019.3,1702.1,3643.062698412698,3.6266187050359715,45.003748892372705,-2014.6,1722.6,9768.35714285714,-1.8402877697841769,78.16440597096313,-952.8,944.5,12517.312301587297,17.527338129496407,2.3686183627564583,1036550.2045978964,133547.65019278237,0,0,1,0,0,1596175083a.csv,ns
-1998,1354,-158361.13095238095,-182.006993006993,-1.2647220787673532,-1499,1968,385837.49999999994,447.43356643356645,1.2252713156697566,-1996,1998,102831.47222222222,102.1048951048951,4.294951434665965,-1171.5,619.2,-17148.433333333334,-20.906993006993005,9.212433564181028,-1380.7,2293.4,24147.08888888889,23.885314685314686,2.303108391045257,-994.5,355.0,3252.2591269841255,5.918181818181818,2.303108391045257,1053328.8560841677,141568.68662153406,1,0,0,0,0,1596175118a.csv,ns
-1998,1191,-238336.35714285716,-274.3,3.1823469920209204,-1998,1996,322115.6567460317,371.60714285714283,0.6842263890042131,-1996,1998,148802.04365079364,172.56428571428572,4.79685104666686,-736.4,538.8,-11141.496825396825,-12.377142857142855,7.004552959423624,-2293.4,2063.3,4016.35992063492,3.5314285714285676,50.19929620920264,-1117.8,431.6,11921.386904761905,14.367857142857135,9.339403945898166,1050120.450124445,137369.132640432,0,0,0,0,1,1596175156a.csv,ns
-1998,1354,-238294.61111111112,-270.1276595744681,5.032847234655054,-1945,1914,441700.6626984127,487.4751773049645,-0.006695629082076698,-1996,1998,167003.65476190476,180.65248226950354,4.557672836843394,-669.2,343.5,-5586.830158730157,-7.321276595744684,7.006211180124225,-1181.5,2286.9,38219.19960317461,33.01063829787234,2.335403726708075,-1025.7,650.2,5302.203968253967,11.04326241134752,73.56521739130436,1050191.1134434561,141844.82761314948,0,0,0,1,0,1596175197a.csv,ns
-1998,1369,-198157.24999999994,-215.8108108108108,4.238797414633561,-1619,1996,466643.0138888889,508.3310810810811,1.3521306418804817,-1996,1998,82716.30555555556,90.43243243243244,4.752050224004334,-465.9,1105.3,-3727.0666666666666,-3.4067567567567556,6.618271796324176,-1821.8,2290.2,10488.955555555558,12.422972972972975,2.2060905987747255,-1312.9,1695.0,17527.443055555555,20.07905405405406,71.69794446017858,1088742.1376063374,137802.59609329622,1,0,0,0,0,1596175232a.csv,ns
-1998,1316,-79827.68055555556,-94.52142857142857,4.243283882940996,-1998,1993,378685.99999999994,436.74285714285713,0.8129155598437777,-1996,1998,145434.83333333334,170.67857142857142,3.66311972645161,-1086.1,236.9,-18018.2125,-21.294285714285706,9.350163627863488,-2293.4,2263.9,15405.85416666667,15.972142857142847,4.675081813931744,-743.1,828.2,16040.138888888889,17.518571428571427,0.0,1049551.0852662004,141574.46915736666,0,1,0,0,0,1596175266a.csv,ns
-1998,1204,-82492.23809523808,-98.0896551724138,-1.8391943212576989,-1261,1996,422259.6706349206,471.2344827586207,0.9137747418128017,-1996,1998,79728.48412698413,99.06896551724138,4.209922788834625,-649.8,890.5,-1402.9003968253992,-3.4668965517241386,6.807511737089202,-1529.0,2274.2,19081.652380952375,31.874482758620665,2.269170579029734,-553.8,272.1,10036.562301587302,8.556551724137933,11.345852895148669,1055574.8007757585,137974.12670107477,1,0,0,0,0,1596175306a.csv,ns
-1998,1503,-116125.81944444444,-121.65384615384616,-1.9622816483069445,-1615,1996,494470.75,510.71153846153845,-0.16731058347919203,-1996,1998,73919.81944444444,79.97435897435898,5.255261681529507,-1245.7,800.0,4553.156944444444,3.9737179487179506,8.37179349576044,-1478.3,2268.8,20777.001388888893,20.08782051282051,4.18589674788022,-823.9,574.4,8395.584722222222,8.037179487179486,4.18589674788022,1141983.311839591,157395.3341408956,1,0,0,0,0,1596175343a.csv,ns
-1998,1494,-115444.79761904763,-137.5174825174825,-2.5750633876294566,-1948,1836,388228.0833333333,438.12587412587413,1.47973211726726,-1996,1998,129428.78571428571,166.94405594405595,4.1866236602076,-1557.7,440.7,-16597.022222222222,-16.68251748251749,8.051801801801801,-2288.8,1522.6,-7808.9373015873125,-2.4804195804195825,29.906692406692404,-1244.0,468.0,15567.213095238094,14.378321678321681,5.751287001287001,1045538.498416862,143079.47009100727,0,0,0,1,0,1596175386a.csv,ns
-1998,1092,-126144.83333333331,-145.01418439716312,-2.445768224472443,-328,1996,454907.7817460318,517.2553191489362,1.2417927311982324,-1996,1998,150029.11904761902,163.7163120567376,4.9234254807839815,-300.3,718.9,2969.075396825393,0.16595744680850782,7.006211180124225,-1331.8,1956.5,13027.421825396823,9.875177304964545,2.335403726708075,-690.4,320.4,716.3222222222234,3.050354609929083,5.838509316770187,1043336.0825964249,133745.14847522991,1,0,0,0,0,1596175492a.csv,ns
-1998,1297,-65501.992063492056,-84.93617021276596,3.113324220202588,-1953,1996,329354.6984126984,386.2836879432624,0.44229021212902014,-1996,1998,126098.23809523808,132.5744680851064,3.305053126897606,-1303.9,233.6,-15311.564682539682,-19.677304964539005,9.3416149068323,-2251.1,2045.1,2369.4202380952424,2.077304964539017,32.69565217391305,-842.7,249.9,10465.151587301587,12.791489361702135,5.838509316770187,1071536.29305132,154530.65897549185,0,0,0,1,0,1596175525a.csv,ns
-1998,1224,-154923.42063492062,-185.6043165467626,3.3527606622178503,-1940,1996,351327.5079365079,417.2589928057554,2.1531020634083156,-1996,1998,1234.369047619044,6.748201438848921,3.346550075805614,-608.0,346.3,-12546.473809523808,-11.2841726618705,9.485464719530505,-2293.4,2293.4,7635.563888888884,17.894964028776982,2.371366179882626,-436.3,736.0,15992.2,18.002158273381298,0.0,1036807.4221531156,153533.29971432904,1,0,0,0,0,1596175575a.csv,ns
-1998,1233,-122039.5873015873,-154.793893129771,3.6381766354309453,-1998,1442,390019.5714285715,473.0916030534351,-0.029245850594795862,-1996,1998,143006.50793650793,163.44274809160305,4.107997892658718,-1111.9,426.2,-15862.060714285715,-19.17175572519084,6.294203567035671,-2293.4,2027.6,13375.245238095235,7.40610687022901,5.035362853628537,-777.6,1006.6,14645.995238095236,21.731297709923677,0.0,983377.0890668987,123637.81631409128,1,0,0,0,0,1596175612a.csv,ns
-1998,1108,-200110.33333333328,-230.17605633802816,4.209634390009731,-1998,1995,366496.3611111111,415.71830985915494,0.7510400533683725,-1996,1998,152219.7916666667,176.38028169014083,4.200000118534805,-1245.7,503.5,-17233.59027777777,-20.258450704225357,6.907734717042323,-2293.4,2074.8,19168.156944444443,19.611267605633813,2.3025782390141076,-950.6,433.2,14972.969444444443,16.32183098591549,2.3025782390141076,1070411.8204337512,141853.1033053896,1,0,0,0,0,1596175652a.csv,ns
-1998,1166,-191244.18055555553,-225.58695652173913,3.6931723723823833,-1148,1762,370281.1944444444,434.65942028985506,-0.6766845969814638,-1996,1998,171710.52777777778,201.08695652173913,4.463262499200007,-674.4,2179.3,-2287.7263888888897,-1.192028985507244,55.71399120395822,-2158.5,1288.8,1989.5694444444423,4.516666666666669,5.927020340846619,-979.5,1695.2,23499.99027777778,28.126086956521736,0.0,997079.7127505388,137489.56721690204,0,0,0,0,1,1596175692a.csv,ns
-1998,1505,-144682.2857142857,-153.31205673758865,3.9613668119536096,-543,1996,405081.8769841269,453.0851063829787,-0.6901367063532868,-1996,1957,104677.6111111111,122.25531914893617,3.218228707141866,-256.9,2025.7,19739.33968253968,17.096453900709218,8.173913043478262,-883.4,2094.8,24192.99682539682,19.484397163120565,2.335403726708075,-849.2,1742.6,20353.080952380948,16.350354609929074,2.335403726708075,1056922.169489029,150655.50357934556,1,0,0,0,0,1596175729a.csv,ns
-1998,1045,-212270.86111111112,-240.64028776978418,-2.009164107948121,-1985,1587,336037.4126984128,387.41726618705036,1.576784720812791,-1996,1998,178413.59920634917,189.16546762589928,4.847680442072195,-543.4,1904.5,-6128.558333333333,-0.9388489208633055,46.18805807375094,-2286.1,2041.5,5735.740476190478,2.7273381294964043,33.16065707859042,-1244.3,1935.4,11726.588888888891,21.47625899280575,1.1843091813782292,1005266.6004189607,133867.3254538232,1,0,0,0,0,1596175768a.csv,ns
-1998,1961,-43378.47222222222,-47.406666666666666,-2.111313154440926,-1665,1840,370161.25,397.1066666666667,0.36543415797701534,-1996,1998,64408.31944444444,70.48666666666666,3.580766953670544,-703.2,1582.2,6441.095833333332,7.523333333333333,16.329433622666702,-1361.4,2140.1,3513.897222222224,4.465333333333335,4.354515632711121,-1216.8,1733.4,17254.802777777782,19.264666666666667,65.31773449066681,1091864.7404520072,135897.83461801975,1,0,0,0,0,1596175806a.csv,ns
-1998,1342,-202699.27777777775,-226.70833333333334,4.167732810211802,-1998,1996,365908.5555555555,410.6666666666667,1.1634190626547463,-1996,1870,88202.90277777777,100.97916666666667,4.273556629498224,-1273.0,565.1,-12300.59722222222,-13.699305555555561,9.084743624118731,-1425.7,2290.2,20461.73749999999,21.754166666666674,2.271185906029683,-415.5,244.4,13070.947222222221,14.213194444444445,4.542371812059366,1091942.8327873691,143411.77811605443,0,0,0,1,0,1596175842a.csv,ns
-1998,1238,-109035.75396825396,-108.33540372670808,3.363069515500347,-1520,1993,448541.626984127,443.7639751552795,1.6724103680627334,-1996,1998,26652.86507936507,6.3478260869565215,4.64771488833353,-1893.8,169.1,-20325.904761904767,-24.952795031055896,4.075949367088608,-2293.4,1771.1,-2135.976190476189,-3.619875776397515,39.74050632911393,-617.2,267.8,12822.301984126983,13.27391304347826,4.075949367088608,1154297.084857145,116974.28024146202,0,0,1,0,0,1596175879a.csv,ns
-1998,1998,-183365.69246031746,-198.4078947368421,3.5284657952009297,-1998,1996,442331.15277777775,469.8355263157895,0.4366975962425165,-1996,1998,83676.31150793651,92.47368421052632,4.443594499432285,-412.0,2232.0,8970.241071428572,10.546710526315787,15.02824858757062,-970.8,1043.9,994.9005952380937,1.7309210526315773,4.293785310734463,-1470.7,1536.5,11635.529166666664,11.995394736842101,66.55367231638418,1122738.89992058,133100.75077543908,1,0,0,0,0,1596175921a.csv,ns
-1998,1512,-229773.16666666663,-241.63636363636363,4.286633852184642,-1124,1996,415775.0,436.61038961038963,0.9748643250260406,-1996,1998,68824.48611111111,74.12987012987013,3.939171683845851,-514.3,1947.6,10858.88611111111,12.98506493506493,12.717463113851574,-545.8,2185.2,23031.884722222225,23.43116883116882,7.418520149746751,-325.8,1252.3,28431.16111111111,29.615584415584422,0.0,1165699.3757298635,154332.81173361265,0,1,0,0,0,1596175961a.csv,ns
-1998,1390,-66217.54166666666,-103.72115384615384,2.0411466622366676,-1946,1995,332487.1111111111,515.2115384615385,2.172922634871072,-1996,1946,-132598.18055555556,-202.83653846153845,2.10976235695725,-308.1,858.2,-106.48888888888823,0.7384615384615413,7.916209962245768,-2253.0,2293.4,19803.72361111111,28.235576923076923,4.749725977347461,-338.7,536.4,18608.931944444448,28.66057692307692,1.5832419924491536,822237.528889492,145936.94790042992,0,0,0,1,0,1596176017a.csv,ns
-1998,1863,-157509.3333333333,-182.2112676056338,4.05909122865906,-1933,1996,455173.3888888889,517.0281690140845,1.255456654185096,-1996,1998,43381.6111111111,55.11971830985915,4.258154112545753,-1706.6,449.8,-8148.701388888888,-9.637323943661972,9.21031295605643,-320.0,2290.8,15720.391666666668,16.769014084507045,2.3025782390141076,-882.5,359.5,4585.2249999999985,4.341549295774647,6.907734717042323,1056823.3767266846,130049.41706187672,1,0,0,0,0,1596176054a.csv,ns
-1998,1998,146735.72222222222,304.65384615384613,1.1248540140585503,-1973,1996,100253.44444444444,209.14102564102564,1.6324244710575557,-1996,1998,140421.4583333333,299.11538461538464,-0.9081103499537829,-251.3,406.7,-4457.609722222221,-8.805128205128206,78.94736842105263,-190.6,1901.9,13647.475000000002,29.01666666666667,6.401137980085348,-303.5,355.6,9266.013888888889,18.94487179487179,2.1337126600284493,570208.7467454685,45099.394536192536,1,0,0,0,0,1596167636,ns
-1998,1468,162660.18253968254,241.61946902654867,-2.634671023362751,-1998,1859,338581.9404761905,489.3628318584071,0.35661960612972105,-1996,1998,25439.892857142855,18.035398230088497,0.4496863979225733,-494.9,145.8,-16247.666269841267,-21.152212389380512,5.870129870129871,-234.6,1611.8,7352.749999999997,9.957522123893808,5.870129870129871,-189.4,263.7,19683.35198412698,27.41238938053098,0.0,819147.6864474032,95638.50581801106,0,0,0,1,0,1596167781,ns
-1845,1980,127836.2361111111,149.76470588235293,1.0845598353109231,-650,1996,365785.4384920635,435.7352941176471,1.5871496562444567,-1996,1996,141748.73214285713,168.68382352941177,4.350894370101178,-525.1,1912.1,4407.521626984127,4.350000000000001,76.96116573530452,-209.5,998.9,-183.53432539682458,-0.7404411764705907,6.0125910730706655,-561.0,827.8,21362.47638888889,24.34411764705882,3.6075546438423993,976565.8654198815,106555.60817078216,0,0,0,1,0,1596167850,ns
-1998,1128,67670.66666666666,125.26666666666667,0.6208353337900969,-1317,964,99440.51388888888,182.48888888888888,2.011867991080568,-1996,1416,178676.23611111112,320.3333333333333,-0.15302958393599722,-269.7,737.8,5570.584722222221,9.019999999999998,11.036625245258339,-574.5,2132.9,12541.647222222222,22.293333333333347,7.3577501635055595,-267.9,888.5,15191.122222222224,26.816666666666652,0.0,632885.8487909232,60416.8018577047,1,0,0,0,0,1596167913,ns
-1998,1155,146925.56944444444,167.79285714285714,-2.1965768645492707,-782,1304,265269.52182539686,305.1357142857143,-1.3392240301353875,-1996,1585,221555.08134920636,255.65,2.737777197902393,-227.2,1541.8,10586.504960317458,10.667142857142862,8.171978452660895,-394.5,2048.4,5066.375000000003,6.2550000000000034,4.669701972949083,-163.5,275.5,18553.37876984127,21.50357142857143,3.502276479711812,970537.8881239033,116644.35869695379,0,0,0,1,0,1596167936,ns
-1998,1165,129148.11111111112,146.6267605633803,3.213970303223885,-377,1800,355127.5833333334,403.3169014084507,0.1198354117620114,-1996,1998,84959.30555555556,97.23239436619718,2.294044501217403,-627.6,213.2,-21238.281944444443,-23.84436619718309,0.0,-640.1,1887.6,-365.83055555555916,-0.03661971830985787,4.605156478028215,-340.8,429.3,12215.574999999997,14.014084507042249,16.118047673098754,1013216.2161143206,95964.08624027311,1,0,0,0,0,1596167964,ns
-1998,1998,52531.74603174602,121.34939759036145,1.4904336137716854,-1776,728,-17.392857142857792,-5.855421686746988,1.0497306899612104,-1996,1886,181387.61111111112,324.04819277108436,-0.5502965118404007,-263.4,891.5,2844.919047619046,1.569879518072288,8.089668615984404,-814.1,2253.7,1580.0126984126978,7.64939759036145,22.24658869395711,-368.9,473.6,10741.715079365078,23.77831325301206,0.0,617905.8148854511,60166.440727277455,1,0,0,0,0,1596167991,ns
-1998,1998,129343.5992063492,153.74436090225564,3.208574121846978,-1998,1996,339453.26984126976,428.812030075188,-0.5136435385173953,-1996,1851,86206.39285714287,108.42857142857143,1.3350613983787474,-360.4,1701.9,7024.512301587302,2.3421052631578942,6.200466200466201,-283.6,1821.3,6119.877777777774,3.1842105263157925,4.96037296037296,-319.9,1017.6,23734.792857142857,24.553383458646614,0.0,931960.8498340086,90479.16272762865,1,0,0,0,0,1596168069,ns
-1998,1258,121074.43055555556,137.39285714285714,1.1378499434117355,-994,1853,333127.1388888889,383.0,2.3322976270546554,-1996,1998,192585.02777777775,224.5142857142857,3.8925194727903376,-222.7,1475.4,63.862500000001305,-0.8492857142857115,5.837127466186354,-1108.9,1317.8,5150.343055555554,7.192142857142857,4.669701972949083,-219.7,514.1,20094.219444444443,22.70857142857144,0.0,988760.3905115476,96869.16881067795,1,0,0,0,0,1596168093,ns
-1998,1326,86098.53174603173,116.18705035971223,-1.4638186966828326,-602,1996,317884.2817460317,361.1223021582734,1.9422183202573196,-1996,1998,161898.49206349204,175.0431654676259,1.516981197177219,-280.7,1450.9,-4539.843253968255,-3.151798561151073,5.921545906891145,-376.6,2293.4,8064.219444444445,18.443165467625917,4.737236725512917,-448.4,448.3,13863.339285714284,16.756834532374114,3.5529275441346875,983400.1937309967,104469.69627900123,1,0,0,0,0,1596168117,ns
-1998,1234,234606.92857142858,273.31205673758865,-1.9333005513005783,-1880,1915,324931.56349206343,358.73758865248226,-1.1300169748096438,-1996,1998,201789.44841269837,230.4822695035461,5.373808314861819,-941.7,194.3,-14835.357142857143,-18.384397163120564,4.67080745341615,-595.0,2233.7,9948.7126984127,9.744680851063832,4.67080745341615,-929.1,437.5,10268.823412698412,9.748226950354612,4.67080745341615,979057.0618652878,98634.98447007804,1,0,0,0,0,1596168382,ns
-1998,1269,213088.2103174603,308.9646017699115,-2.0491625782889895,-1007,1996,345212.9603174603,483.3185840707965,0.8685614503217801,-1996,1937,59935.48412698413,90.78761061946902,0.16045664333756648,-418.8,500.4,-13041.969444444443,-18.332743362831863,4.402597402597403,-1201.3,2268.6,8937.371428571432,13.80088495575221,4.402597402597403,-1236.9,473.5,13051.483730158729,13.399115044247777,57.23376623376624,818899.2386821753,96497.65273622295,0,0,0,1,0,1596168404,ns
-1998,1425,19760.59920634921,13.805755395683454,4.175115512917188,-1846,1996,348771.7341269842,409.23741007194246,-1.9424300813476831,-1996,1998,263251.626984127,309.2661870503597,1.7045790925397877,-314.5,1204.3,3860.3702380952323,3.0661870503597113,4.737236725512917,-1073.0,2293.4,19987.69285714286,16.475539568345322,4.737236725512917,-204.7,1426.4,28782.124206349206,29.42949640287769,0.0,1000592.252185114,145534.86316513634,1,0,0,0,0,1596168450,ns
-1998,1621,-97169.33928571429,-109.82142857142857,-1.7166167871149305,-897,1996,352867.56349206343,407.23571428571427,-3.487814148203683,-1996,1998,364166.3055555555,416.8142857142857,2.380669428905812,-284.3,1688.7,3066.857539682541,2.611428571428568,8.171978452660895,-549.8,1755.1,10338.28075396825,13.510000000000002,5.837127466186354,-440.6,1556.5,20558.080357142855,23.34857142857142,0.0,1007894.1773709792,127686.19621811982,1,0,0,0,0,1596168518,ns
-1998,1238,83687.79166666666,234.31034482758622,-0.3284194222933767,-1476,1996,74046.13888888888,203.79310344827587,0.3479974576299922,-1996,1998,40186.20833333333,118.22413793103448,1.9958039037241324,-528.6,357.9,-7608.705555555557,-20.78793103448276,81.46067415730337,-394.3,2270.8,18503.422222222227,53.63620689655173,5.818619582664526,-1202.9,906.6,6546.880555555554,20.281034482758617,75.64205457463885,446283.3047623545,63345.708104592166,0,0,0,1,0,1596168571,ns
-1998,1809,-81994.55952380951,-132.7037037037037,-1.6388201557156319,-1998,1996,90296.46825396825,140.80246913580248,-0.16003132892902694,-1996,1998,155695.3134920635,285.3703703703704,0.7038533435214183,-189.1,888.8,2980.965476190473,5.514814814814813,10.384615384615385,-291.6,1679.2,15703.859126984127,27.820987654320984,6.230769230769232,-140.9,356.5,8517.978174603173,17.35061728395062,0.0,619088.0577919562,61624.12311267343,0,1,0,0,0,1596168589,ns
-1998,1843,-55359.50595238096,-64.5,3.388912778095087,-1996,1996,392488.36111111107,451.9,0.06508659977602198,-1996,1832,80019.64285714286,94.35,3.585745554100387,-517.2,540.0,-12943.03630952381,-14.46785714285714,9.339403945898166,-2239.3,2293.4,5299.253373015874,7.725000000000003,4.669701972949083,-1583.4,1095.5,12193.79722222222,13.202142857142865,75.8826570604226,1004096.1349069644,146446.56105506342,1,0,0,0,0,1596168687,ns
-1998,1634,-100060.375,-115.41304347826087,-2.6370232502014885,-1998,1996,337962.8948412698,392.2536231884058,-2.396976912323062,-1996,1998,302502.4861111111,354.4782608695652,2.0296607765037926,-221.2,1124.5,9940.255753968251,11.704347826086957,10.656187796005216,-1084.7,1891.1,13442.323809523807,16.77173913043479,2.3680417324456036,-213.9,528.4,15537.958730158729,18.23043478260869,1.1840208662228018,994896.7710054833,120429.42990706734,0,0,0,0,1,1596168756,ns
-1998,1264,-2932.7996031746025,-2.235294117647059,-2.326969143439161,-1998,1935,314088.8075396825,370.9264705882353,-1.593176601342367,-1996,1998,229598.07539682538,274.3529411764706,3.780525782673849,-1173.6,401.3,-17314.75734126984,-21.647794117647063,0.0,-1674.4,2292.2,13683.445039682536,15.03749999999999,4.810072858456532,-722.4,491.8,10407.918253968255,11.847058823529407,4.810072858456532,974949.5965978542,118640.20394914849,1,0,0,0,0,1596168786,ns
-1998,1998,-62360.0257936508,-73.40714285714286,3.4878395715976787,-1998,1996,331475.90277777775,381.2785714285714,0.2244530539215122,-1996,1998,15065.6865079365,20.064285714285713,2.10448429133057,-388.0,1493.8,8605.967857142858,10.037857142857145,10.506829439135437,-560.3,2101.9,13010.312301587304,14.285714285714292,2.3348509864745415,-157.6,464.1,18619.639484126983,21.67357142857143,0.0,1028613.1281993552,140152.66993123,0,0,0,1,0,1596168849,ns
-1998,1356,-84587.19246031746,-96.26428571428572,-1.685733595545917,-1998,1996,404560.98412698414,466.7785714285714,2.244683582627079,-1996,1998,166839.01984126982,191.89285714285714,4.011468817274289,-215.4,1132.6,2987.264484126982,3.5442857142857123,10.506829439135437,-715.4,1518.0,11753.012896825398,13.124999999999988,4.669701972949083,-752.3,294.6,13333.02123015873,15.683571428571424,5.837127466186354,1017326.228376532,127778.83266782247,1,0,0,0,0,1596168879,ns
-1998,1532,-141733.61507936506,-153.10791366906474,-2.3091694701026717,-1998,1996,405503.73412698414,445.54676258992805,1.4932939716344658,-1996,1874,173575.0753968254,204.1726618705036,4.686098537618204,-296.2,1613.7,9760.101190476189,7.08561151079137,8.29978162958919,-1323.8,1805.8,6675.535714285711,4.371223021582724,59.28415449706566,-1213.1,726.6,19509.884523809524,19.94028776978417,0.0,1064349.5794253168,136936.2469213416,1,0,0,0,0,1596168911,ns
-1998,1721,-21383.424603174608,-25.15909090909091,-1.4696532615829934,-1896,1996,369613.9285714285,453.29545454545456,1.9683219239235927,-1996,1998,123274.623015873,151.36363636363637,3.1765484961004513,-388.8,554.4,-2753.6605158730176,-3.6333333333333337,9.918286841363766,-1167.5,2188.5,-1387.60297619048,-0.4537878787878626,4.959143420681883,-2077.1,753.9,1848.4831349206363,2.928787878787878,73.14736545505778,979854.5415219085,134194.72702279873,0,0,0,1,0,1596168947,ns
-1998,1524,-132163.78174603172,-166.4014598540146,-1.5677154788217662,-1167,1996,379652.27380952373,423.1094890510949,1.5404732751246841,-1996,1998,178880.2738095238,233.5036496350365,4.641120039477704,-394.1,964.7,3949.4400793650784,2.2489051094890535,8.419666374012293,-400.4,2293.4,22651.151190476183,17.03941605839416,2.405618964003512,-1033.9,449.9,12224.859920634923,10.276642335766423,9.622475856014049,992995.4193972825,130230.27944940995,1,0,0,0,0,1596169056,ns
-1998,1998,-75688.74999999999,-84.85906040268456,3.2883029318545725,-1998,1813,346194.3611111111,382.3422818791946,-0.6017863034520208,-1996,1937,189148.21825396825,204.28859060402684,3.868091039817681,-1108.1,468.3,-20834.276587301585,-20.33758389261743,0.0,-1109.8,2288.9,-2753.730555555557,1.3281879194630897,30.892262125138842,-1058.6,323.3,-634.5793650793648,0.2677852348993265,6.619770455386894,1070563.528295275,151246.1531682893,0,0,0,1,0,1596169080,ns
-1998,1998,-125505.90277777778,-150.22794117647058,2.5564077756474233,-1998,1996,304944.8055555556,361.44117647058823,-0.6426419907504782,-1996,1998,137264.29166666666,167.60294117647058,3.8397641868868035,-879.6,282.8,-17409.07916666667,-20.57794117647058,0.0,-1320.7,2291.2,-3951.440277777777,-6.072794117647055,2.40788937872913,-698.0,346.3,-1001.1055555555548,-0.3742647058823518,9.63155751491652,983952.0889970701,140852.3154471766,0,0,0,1,0,1596169106,ns
-1998,1553,-233755.06944444444,-275.45652173913044,-1.4666811184274264,-1284,1996,371252.5277777777,434.2608695652174,0.23944536081059228,-1996,1998,128287.43055555555,152.31884057971016,5.548614039077742,-286.3,1678.8,8730.834722222222,11.393478260869562,3.556212204507972,-411.8,1796.8,19807.96527777778,22.618840579710152,4.7416162726772955,-740.5,1978.2,13365.795833333335,15.865942028985511,1.1854040681693239,1004866.0842793845,144323.11746695478,1,0,0,0,0,1596169185,ns
-1998,1998,-75180.32936507936,-106.9908256880734,2.8115991524726236,-1998,1996,364783.15476190473,531.6238532110092,0.6316930560919656,-1996,1917,-44849.388888888905,-62.678899082568805,2.8714302935998393,-671.0,1193.1,-1252.318650793653,-6.8908256880733925,6.093640810621942,-1126.0,2259.1,6395.5341269841265,21.033944954128444,4.570230607966456,-1316.0,389.6,8165.442460317458,3.145871559633028,1.5234102026554854,802441.6929724199,142731.86445632591,0,1,0,0,0,1596169222,ns
-1998,1998,-89656.46428571429,-116.1418439716312,-2.6043306746345483,-1970,1996,433527.18650793645,504.6737588652482,1.7862303826275747,-1996,1998,166900.3492063492,223.54609929078015,4.520746449153473,-446.7,1545.2,3053.3230158730157,3.2936170212765914,12.844720496894412,-413.4,2266.2,13126.3496031746,16.29007092198581,4.67080745341615,-1068.4,1842.1,28660.305158730152,23.954609929078003,71.22981366459629,1075185.2529466173,127176.36260276719,1,0,0,0,0,1596169251,ns
-1998,1412,-22737.150793650784,-27.978102189781023,-1.371828476927684,-1287,1996,300443.3650793651,347.84671532846716,2.739628462997901,-1996,1998,192780.58730158728,242.64963503649636,1.6006994136818053,-1572.2,320.5,-33207.90198412698,-31.689781021897804,0.0,-1971.9,2293.4,-2859.363095238092,5.724087591240874,4.811237928007024,-1013.7,667.3,3654.820238095235,1.4416058394160558,61.34328358208956,987427.0793136826,141050.41302300835,1,0,0,0,0,1596169283,ns
-1998,1427,-86240.62896825396,-99.61428571428571,-2.4667658353837556,-1976,1996,400905.2242063492,459.97857142857146,2.223426032170627,-1996,1998,172984.47817460314,203.45,2.7760615262373776,-1760.8,513.5,-27949.093849206347,-32.30142857142857,9.339403945898166,-2176.1,2076.9,-6320.492658730152,-10.514285714285707,44.36216874301629,-886.6,351.8,8140.766666666665,9.683571428571435,5.837127466186354,1031304.217492256,152182.67829544618,0,0,0,0,1,1596169310,ns
-1998,1998,-139077.13888888888,-156.94444444444446,-1.9779202018287192,-1997,1723,401924.5833333334,448.8888888888889,0.2747443647958007,-1996,1998,60568.81944444444,70.77083333333333,4.504434131420774,-343.2,968.0,-2890.016666666665,-2.7180555555555546,10.208904433311279,-391.5,1831.2,11805.574999999999,13.420833333333315,2.2686454296247285,-441.2,1009.4,9285.055555555555,10.626388888888885,1.1343227148123642,1059364.9649348187,115460.86717996189,1,0,0,0,0,1596169626,ns
-1998,1450,-214851.2083333333,-253.88970588235293,-1.7080609355109253,-1998,1996,269885.625,319.83088235294116,0.6499687411057946,-1996,1998,70144.4861111111,82.4779411764706,4.104438551638978,-676.2,310.8,-10323.800000000001,-12.46470588235294,3.6075546438423993,-2285.4,2066.3,2874.6888888888884,2.389705882352936,42.08813751149466,-645.8,790.6,6839.213888888888,7.7941176470588305,1.202518214614133,988237.7876196057,138923.9154532681,1,0,0,0,0,1596169697,ns
-1998,1977,-55459.24603174603,-78.23741007194245,-1.4685818755316409,-1998,1990,318744.8095238096,378.3093525179856,2.150236538191031,-1996,1998,135389.22619047615,191.86330935251797,2.698523225332228,-989.8,209.2,-26021.06428571428,-27.412949640287763,0.0,-1417.0,2293.4,1632.1035714285724,5.56906474820144,2.3686183627564583,-820.3,264.3,3612.821428571429,2.643165467625899,2.3686183627564583,1051450.8532052417,133339.16753194114,1,0,0,0,0,1596169722,ns
-1998,1240,-103580.84523809524,-110.63503649635037,-1.7763614324245383,-1389,1996,313059.3849206349,351.48175182481754,2.0769093794928577,-1996,1998,153393.94444444444,186.2189781021898,2.7742318435268905,-1878.1,614.1,-26345.631349206342,-25.152554744525546,2.405618964003512,-2263.8,2292.8,1022.7313492063447,8.250364963503644,9.622475856014049,-1409.5,488.2,10109.016269841273,9.293430656934307,7.2168568920105365,1020544.628744643,157863.11814929015,0,0,0,0,1,1596169746,ns
-1998,1314,-206206.38888888893,-225.0979020979021,4.412608502891437,-433,1996,371476.8373015873,411.13286713286715,-0.7363690521395188,-1996,1998,134566.92063492065,154.3846153846154,2.8635048384173047,-426.5,2033.9,24195.77857142857,23.490209790209803,18.404118404118403,-913.4,2292.2,30786.296428571433,29.08811188811189,2.3005148005148004,-249.4,1928.9,28727.66865079365,29.141258741258746,0.0,1049837.8847294648,171370.9631270366,0,1,0,0,0,1596169812,ns
-1998,1429,-272309.1349206349,-372.4,2.3550446795278077,-1972,1996,244675.63888888885,344.0782608695652,0.3445143289165005,-1996,1998,164712.84523809524,211.1478260869565,4.7950310373793785,-1551.2,384.0,-20580.67896825397,-35.000869565217386,7.210573836276085,-2069.6,2279.7,331.6075396825363,-7.157391304347826,25.958065810593908,-1045.6,316.4,5431.774206349205,9.246086956521742,8.652688603531303,928784.9820350531,126992.78854284072,1,0,0,0,0,1596169838,ns
-1998,1806,-171613.40674603172,-195.43055555555554,4.417908112888874,-1998,1996,359470.5753968254,404.7361111111111,-0.6498877252586825,-1996,1998,182872.13095238095,208.76388888888889,3.2865278541667986,-291.9,1543.3,9687.255555555557,10.235416666666667,12.477549862936007,-2114.7,1462.2,12773.021825396827,15.869444444444452,4.537290859249457,-88.1,986.1,28334.56746031746,30.906944444444434,0.0,1097953.7005316264,150983.1651327213,1,0,0,0,0,1596169863,ns
-1998,1659,-186539.07738095237,-214.44366197183098,3.7349614016511476,-1998,1996,366508.8313492063,415.9225352112676,0.6429682834539886,-1996,1998,110316.93253968253,127.2605633802817,4.142923922577231,-547.1,859.0,-5393.670238095238,-5.225352112676059,10.349854227405249,-1927.3,1773.5,9645.736706349206,9.795070422535211,56.34920634920635,-1011.3,932.6,13590.688690476192,15.957746478873243,80.49886621315193,1060184.3071892802,140683.5718739412,0,0,0,0,1,1596169893,ns
-1998,1998,-109857.95833333333,-127.27536231884058,-2.085587142286629,-1084,1996,426522.3055555555,499.268115942029,1.4286530162357078,-1996,1998,162379.8333333333,190.41304347826087,4.681197400231664,-460.8,498.9,-4226.136111111112,-4.752898550724637,13.039444749862563,-816.3,2068.8,17659.063888888886,19.150000000000016,2.3708081363386477,-801.6,408.1,8792.055555555555,10.404347826086962,7.112424409015944,1072588.1740731557,136034.25445278623,0,1,0,0,0,1596169961,ns
-1998,1998,-5153.222222222215,-10.867132867132867,2.771290288358919,-1998,1996,342416.09920634923,403.1888111888112,-1.510195769543374,-1996,1998,188238.9047619048,204.2237762237762,2.9810927091163983,-637.9,496.7,-11019.723809523808,-12.386013986013987,9.202059202059202,-1316.4,2290.9,323.5246031746079,-0.8734265734265881,27.606177606177603,-899.5,282.2,-390.4166666666662,-0.4993006993007008,5.751287001287001,1081433.8702304591,140711.90545014033,0,0,0,1,0,1596169995,ns
-1998,1711,-242343.45039682538,-283.82608695652175,3.366314162599409,-1998,1993,348418.97817460314,408.17391304347825,0.7978073724180045,-1996,1998,135182.60515873015,160.2536231884058,5.2204835550956465,-961.9,352.1,-18963.004761904762,-22.14927536231884,9.472166929782414,-2214.6,1777.1,5745.722222222222,4.582608695652168,2.3680417324456036,-750.7,283.2,8325.275198412699,10.08043478260869,11.840208662228019,1041678.8157146374,145165.38001171517,1,0,0,0,0,1596170025,ns
-1998,1998,-207306.37301587302,-236.95172413793102,2.9408099678171116,-1998,1940,333830.5,408.4689655172414,0.6653114854926658,-1996,1998,160941.61507936506,162.82758620689654,5.211977302853467,-1058.9,469.4,-28995.19325396825,-27.590344827586218,0.0,-1468.4,2287.7,5322.427777777781,5.656551724137924,9.076682316118935,-2002.1,713.0,-7686.8849206349205,-3.0641379310344794,6.807511737089202,1112800.802914383,147655.65977394854,0,1,0,0,0,1596170069,ns
-1883,1893,-124257.78571428571,-131.61379310344827,3.5433194804273938,-1998,1996,402376.03968253965,457.3241379310345,-0.39522375301533236,-1996,1998,135810.11904761905,141.95862068965516,4.078827249466864,-268.5,610.5,-444.2162698412685,-2.611724137931034,10.211267605633802,-712.1,1621.4,1949.5702380952398,5.150344827586205,4.538341158059468,-634.0,302.4,4141.476190476191,2.9124137931034446,4.538341158059468,1063787.609538576,128101.27708849247,1,0,0,0,0,1596170159,ns
-1998,1642,-148113.14682539683,-175.5,-0.027445995361194,-1597,1996,344084.7083333333,407.84558823529414,1.754987525798631,-1996,1963,203691.85317460314,242.75735294117646,4.464164689862585,-298.5,1984.8,21360.20277777777,25.13897058823531,10.822663931527199,-674.8,2272.4,30957.48888888889,35.78823529411766,2.405036429228266,-124.0,1389.1,23625.216666666664,27.19117647058823,1.202518214614133,1018708.6672850447,144074.63760094234,1,0,0,0,0,1596170232,ns
-1998,1725,-215509.3472222222,-249.22142857142856,4.417526210401018,-1989,1996,372548.70833333326,430.67857142857144,-0.24306166770274001,-1996,1995,76818.30555555555,89.17142857142858,3.6942419537114355,-338.1,2095.1,11714.819444444445,14.627142857142847,12.841680425609978,-505.5,2268.2,24245.612499999996,27.663571428571437,2.3348509864745415,-236.1,417.3,17392.40972222222,19.922142857142862,1.1674254932372707,1058961.7509519365,153677.5776190317,1,0,0,0,0,1596170255,ns
-1998,1903,-217687.3492063492,-252.59285714285716,2.399645988285089,-1996,1996,343404.45039682544,392.0857142857143,1.8938156185926627,-1996,1998,97645.99404761905,115.22857142857143,4.7308209261784615,-1450.7,217.6,-25697.376190476192,-29.82357142857143,4.669701972949083,-1901.4,2292.2,-8016.820238095238,-9.323571428571436,26.850786344457227,-1552.5,539.1,13864.794642857145,15.21642857142858,79.38493354013441,1106196.382740612,154078.29496955956,0,0,0,0,1,1596170282,ns
-1998,1706,-200231.98809523808,-204.24475524475525,3.0664793545306823,-1918,1989,414221.4206349206,449.3356643356643,0.4169198403492503,-1996,1998,182765.76190476192,201.8881118881119,5.402077181633254,-1480.3,474.1,-22791.436111111117,-24.373426573426578,9.202059202059202,-1565.4,2023.4,-1096.974603174606,-8.475524475524477,66.71492921492921,-912.3,341.7,14454.453174603177,13.354545454545464,11.502574002574002,1121612.3464155677,167468.23845143354,1,0,0,0,0,1596170305,ns
-1998,1998,-189931.69444444447,-262.9491525423729,3.010411996245735,-1998,1996,378283.4861111111,519.2372881355932,1.986117010587062,-1996,1998,108597.63888888889,148.88983050847457,4.335462557487191,-1496.1,366.9,-24362.44583333333,-32.03305084745761,9.741025520071702,-1798.5,2261.4,7181.877777777781,10.67796610169492,13.915750742959574,-798.6,370.2,12060.881944444443,16.836440677966106,8.349450445775744,937545.4714158928,143538.32069053315,0,0,0,0,1,1596170336,ns
-1998,1622,-58885.329365079364,-75.9748427672956,1.8802177831364286,-1998,1996,392186.7579365079,416.5660377358491,2.8056368514874577,-1996,1998,5483.714285714286,5.7421383647798745,3.7423547899696823,-1945.9,133.2,-28129.623809523808,-29.642767295597473,7.228587015821059,-2293.4,2275.8,-18000.530952380952,-16.05849056603774,45.43683267087523,-885.4,300.3,13170.792857142858,15.222012578616347,6.195931727846622,1152046.0633686113,114266.45725038697,1,0,0,0,0,1596170446,ns
-1998,1998,59473.28174603176,89.2520325203252,3.0610167552934495,-1326,1996,437778.60714285716,567.9430894308944,0.6383474799599089,-1996,1998,-130677.76190476192,-169.3658536585366,2.016403715238408,-314.2,2108.4,15084.125793650792,19.337398373983735,16.141732283464567,-957.6,1937.8,2006.820634920635,8.940650406504062,6.725721784776902,-192.7,612.2,19509.145634920635,20.900813008130076,4.035433070866142,905717.087342158,130296.43716727263,0,1,0,0,0,1596170532,ns
-1998,1998,-32849.36111111111,-42.25735294117647,-3.2351250385465327,-1998,1996,399731.6388888889,473.24264705882354,-0.7823299661814833,-1996,1998,-62079.31944444443,-69.84558823529412,2.61746995376126,-356.7,1793.3,368.0746031746011,-0.14485294117646913,3.6075546438423993,-1780.0,1877.4,-4757.237896825398,-6.0764705882352885,60.12591073070666,-167.6,958.8,21927.432738095238,25.886029411764703,3.6075546438423993,1021027.5668066783,125572.96734229263,1,0,0,0,0,1596170601,ns
-1998,1974,-30992.726190476194,-29.985611510791365,-2.9933116706457312,-1998,1996,353958.0555555555,426.8201438848921,-0.6589552964180899,-1996,1998,108763.23015873015,119.30935251798562,3.1681091910698393,-314.5,1939.7,17572.605555555558,19.677697841726616,15.396019357916979,-1470.8,1687.4,1266.6384920634923,-5.88848920863309,9.474473451025833,-187.4,1169.9,31147.265079365083,37.043884892086325,3.5529275441346875,1034742.9418158439,119047.20058075873,0,0,0,0,1,1596170628,ns
-1998,1884,-251969.20436507938,-289.1642857142857,-3.0365668552612695,-1189,1996,496645.2023809523,568.5357142857143,-0.07041270506508551,-1996,1998,66981.45833333333,79.87857142857143,6.346076380090991,-379.0,2015.4,12118.759126984123,12.778571428571428,11.674254932372708,-1609.2,2140.1,3296.737500000002,4.366428571428574,64.2084021280499,-140.6,566.6,15979.114484126987,18.231428571428573,1.1674254932372707,1058872.5877812498,151536.81921036742,0,1,0,0,0,1596170839,ns
-1998,1998,-185493.75,-212.0,2.957148109104627,-1998,1850,378524.1944444444,432.78169014084506,1.9689535701818892,-1996,1998,121171.40277777781,137.57746478873239,5.089093783522198,-1474.0,372.8,-32778.999999999985,-36.30774647887324,6.907734717042323,-1219.3,2271.0,-1513.2833333333297,-0.30915492957746704,8.059023836549377,-1402.1,483.2,-1135.0625000000002,-1.0359154929577445,8.059023836549377,1072962.8152005572,134965.4067613417,1,0,0,0,0,1596170869,ns
-1998,1998,-188728.9027777778,-220.78985507246378,-3.1727412901397143,-1998,1996,333404.3888888888,392.6014492753623,0.815564993949829,-1996,1998,114392.54166666666,136.4855072463768,4.203644998519485,-786.3,1816.0,-10815.366666666667,-11.263768115942026,13.039444749862563,-2162.0,1164.3,-10632.499999999998,-10.624637681159424,52.15777899945025,-479.1,1927.8,23995.470833333333,27.959420289855068,1.1854040681693239,1002801.9589699282,142506.78020254243,0,0,1,0,0,1596170922,ns
-1998,1998,-343732.6488095238,-384.90277777777777,1.4582706182408998,-1365,1942,425792.0773809523,474.7083333333333,2.0628482967486437,-1996,1983,49617.0496031746,56.75694444444444,6.127626840998155,-470.8,1162.5,-4429.299999999999,-5.836111111111104,19.28348615181019,-2142.4,2092.4,-24436.1875,-26.403472222222227,15.8805180073731,-1430.1,1045.0,7116.431547619047,8.118749999999999,74.86529917761604,1096384.4620260317,154486.40013733113,0,0,0,0,1,1596170953,ns
-1998,1998,-234702.96031746027,-273.48920863309354,3.89516430855722,-1367,1996,423906.3571428571,466.863309352518,-0.7556625247805109,-1996,1998,97038.50793650791,124.11510791366906,4.592979114258736,-405.6,2113.4,10199.140476190472,11.924460431654675,16.59956325917838,-909.2,2293.4,22592.832142857147,19.400719424460434,10.671147809471819,-153.9,877.1,25086.679761904765,27.005755395683465,1.185683089941313,1020609.0932330356,149370.8403957672,1,0,0,0,0,1596171032,ns
